PVV4(ab);1,a,a,b,a,b,b,a,b,b,b,b,b,a,a,b,a,a,a,a,b,a,b,a,b,a,b,b,b,b,a,a,b,a,b,b,b,b,a,a,b,b,a,b,a,a,a,b,a,b,b,b,b,a,a,a,a,b,a,a,a,b,b,a,b,a,b,a,a,b,b,b,a,b,b,a,a,b,a,b,b,a,a,b,b,b,a,b,a,a,b,a,a,b,b,a,a,a,a,b,a,b,a,a,b,b,b,a,a,b,b,a,a,b,b,b,a,a,a,a,b,a,a,a,b,b,b,b,b,a,a,a,b,b,a,b,a,b,b,a,a,b,b,b,b,b,b,b,a,a,b,a,b,b,b,b,a,a,a,b,b,b,b
CRY2(ab);2,a,a,b,a,b,b,a,b,b,b,b,b,b,a,b,a,a,a,a,b,a,b,a,b,b,a,b,b,b,a,a,b,a,b,b,b,a,a,a,b,b,a,b,a,a,a,b,a,b,b,b,b,a,a,a,a,b,a,a,a,b,b,a,a,a,b,a,b,b,a,b,a,b,b,a,a,b,a,b,b,a,a,b,b,b,b,b,b,a,b,a,a,b,b,a,a,a,a,b,a,b,a,a,b,b,b,a,a,a,b,a,b,b,b,b,a,a,a,a,b,a,b,a,b,a,b,b,b,a,a,a,b,b,a,b,b,b,b,a,a,b,b,b,b,b,b,b,b,a,b,a,b,b,b,a,a,a,b,b,b,b,b
AXR-1(ab);3,a,a,b,a,b,b,a,b,b,b,b,b,b,a,b,a,a,a,a,b,a,b,a,b,b,a,b,-,b,a,a,b,a,b,b,a,a,a,a,b,b,a,b,a,a,a,b,a,b,b,b,b,a,a,a,a,b,a,a,a,b,b,a,a,a,b,a,b,b,a,b,a,b,b,a,a,b,a,b,b,a,a,b,b,b,b,b,b,a,b,a,a,b,b,a,a,a,a,b,a,b,a,a,b,b,b,a,a,a,b,a,b,a,b,b,a,a,a,a,b,a,b,a,b,a,b,b,b,a,a,a,b,b,a,b,b,b,b,a,a,b,b,b,b,b,b,b,b,a,b,b,b,b,b,a,a,a,b,b,b,b,b
HH.335C(ab);4,a,a,a,a,b,b,a,b,b,b,a,b,b,a,b,a,b,a,a,b,a,b,a,b,b,b,b,a,b,b,b,b,a,b,b,a,a,a,a,b,b,a,b,a,a,a,b,a,b,b,b,a,a,a,a,a,b,a,a,a,b,b,a,a,a,b,b,b,b,a,b,a,b,b,a,a,b,a,b,b,a,a,b,b,b,b,b,b,a,b,a,a,b,b,a,a,a,a,b,a,b,a,a,b,b,b,a,a,a,b,a,b,a,b,b,a,a,b,a,b,a,a,a,b,a,b,a,b,a,a,a,b,b,a,b,b,b,b,a,a,b,b,b,b,b,b,a,b,a,b,b,b,b,b,b,a,a,b,b,b,b,b
DF.162L(ab);5,a,a,a,a,b,b,a,b,b,b,a,b,b,a,b,a,b,a,a,b,a,b,a,b,b,b,b,a,b,b,b,b,a,b,b,a,a,a,a,b,b,a,b,a,a,a,b,a,b,b,b,a,a,a,a,a,b,b,a,a,b,b,a,a,a,b,b,b,b,a,b,a,b,b,a,a,b,a,b,b,a,a,a,b,b,b,b,b,a,b,a,a,b,b,a,a,b,a,b,a,b,a,a,b,b,b,a,a,a,b,a,b,a,b,b,a,a,b,a,b,a,a,a,b,a,b,a,b,a,a,a,b,b,a,b,b,b,b,a,a,b,b,b,b,b,b,a,b,b,b,a,b,b,b,b,a,a,b,b,b,b,a
BH.147L(ab);6,a,a,a,a,b,b,a,a,b,b,a,b,b,a,b,a,b,a,a,b,a,b,a,b,b,b,b,a,b,b,b,b,a,b,b,a,a,a,a,b,b,a,b,a,a,a,b,a,b,b,b,a,a,a,a,b,b,b,a,a,b,b,b,a,a,b,b,b,b,a,b,a,b,b,a,a,b,a,b,b,a,a,a,b,b,b,b,b,a,b,a,a,b,b,a,a,b,a,b,a,b,a,a,b,b,b,a,a,a,b,a,b,a,b,b,a,a,b,a,b,a,a,a,b,a,b,a,b,a,a,a,b,b,a,b,b,b,b,a,a,b,b,b,b,b,b,a,b,b,b,a,b,b,b,b,a,a,b,b,b,b,a
EC.480C(ab);7,a,a,a,a,b,b,a,a,b,b,a,b,b,a,b,a,b,a,a,b,a,b,a,b,b,b,b,a,b,b,b,b,a,b,b,a,a,a,a,b,b,b,b,a,a,a,b,a,b,b,b,b,a,a,a,b,b,b,a,a,b,b,b,a,a,b,b,b,b,a,b,a,b,b,a,a,b,a,b,b,a,a,a,b,b,b,b,b,a,b,a,a,b,b,a,a,b,a,b,b,b,a,a,b,b,b,a,a,a,b,a,b,a,b,b,a,a,b,a,b,a,a,a,b,a,b,a,b,a,a,a,b,b,a,b,b,b,b,a,a,b,b,b,b,b,b,a,b,b,b,a,b,b,b,b,a,a,b,b,b,b,a
EC.66C(ab);8,a,a,a,a,b,b,a,a,b,b,a,b,b,a,b,a,b,a,b,b,a,b,a,b,b,b,b,-,b,b,b,b,a,b,b,a,a,a,a,b,b,b,b,a,a,a,b,a,b,b,b,b,a,a,a,b,b,b,a,a,b,b,b,a,a,b,b,a,b,a,b,a,b,a,a,a,b,b,b,b,b,b,a,a,b,b,b,b,b,b,a,a,b,b,a,a,b,a,a,b,a,b,a,b,b,a,a,a,a,b,a,b,a,b,b,a,a,b,b,b,b,a,a,b,a,b,a,b,a,a,a,b,b,a,b,a,b,b,a,a,b,b,b,b,b,b,b,b,b,b,a,b,b,b,b,b,a,b,b,b,b,a
GD.86L(ab);9,a,a,a,a,b,b,a,a,b,b,a,b,b,a,b,a,b,a,b,b,a,b,b,b,b,b,b,-,b,b,b,b,a,b,b,a,a,a,a,b,b,b,a,a,a,a,b,a,b,a,b,b,a,a,a,b,b,b,a,a,b,b,b,b,a,b,b,a,b,a,b,a,b,a,a,a,b,b,b,b,b,b,a,a,b,b,b,b,b,a,a,a,b,b,a,a,b,a,a,b,a,b,a,b,b,a,a,a,a,b,a,b,a,b,b,a,a,a,b,b,b,a,a,b,a,b,a,b,a,a,a,b,b,a,b,a,b,b,a,a,b,b,b,b,b,b,b,b,b,b,a,b,b,b,b,b,a,b,b,b,b,a
g2395(ab);10,b,a,a,a,b,b,a,a,b,b,a,b,b,a,b,a,b,a,b,b,a,b,b,b,b,b,b,a,a,b,b,b,a,a,b,a,a,a,a,b,b,b,a,a,a,a,b,a,b,a,b,b,a,a,a,b,b,b,b,a,b,b,b,b,a,b,b,a,b,a,b,a,b,a,a,a,b,b,b,b,b,b,a,a,b,b,b,b,b,a,a,a,b,a,a,a,b,b,a,b,a,b,a,b,b,a,a,a,a,b,b,b,a,b,b,a,a,b,b,b,b,a,a,b,a,b,a,b,a,a,a,b,b,b,b,a,b,b,a,b,b,b,b,b,b,b,b,b,b,b,a,a,b,b,b,b,a,b,b,b,a,a
CH.160L(ab);11,a,a,a,a,b,b,a,a,b,b,a,b,b,a,b,a,b,a,b,b,a,b,b,b,b,b,b,a,a,a,b,b,a,-,b,a,a,a,a,b,b,b,a,a,a,a,b,a,b,a,b,b,a,a,a,b,b,b,b,a,b,b,b,b,a,b,b,a,b,a,b,a,b,a,a,a,b,b,b,b,b,b,a,a,b,b,a,b,b,a,a,a,b,a,a,a,b,b,b,b,a,a,b,b,b,a,a,a,a,b,b,b,a,b,b,a,a,b,b,b,b,a,a,a,a,b,a,b,a,a,a,b,b,b,b,a,b,b,a,b,b,a,b,b,b,b,b,b,b,b,a,a,b,b,b,b,a,b,b,b,a,a
AD.121C(ab);12,a,a,a,a,a,b,b,a,b,b,a,b,b,a,b,a,a,a,b,b,b,b,a,b,b,a,b,a,a,a,a,b,b,a,b,a,a,a,b,a,a,b,a,a,a,a,a,a,b,a,b,b,a,a,a,b,b,b,b,a,b,a,b,b,a,b,b,a,a,a,b,a,b,a,a,a,b,b,b,b,b,b,a,a,b,b,a,b,b,a,a,a,b,a,a,a,a,b,b,a,a,a,b,b,b,b,a,a,a,b,a,b,a,b,b,b,a,-,b,a,b,a,a,a,a,b,a,b,a,a,a,b,b,b,a,a,b,a,b,b,b,b,b,a,b,b,b,b,b,b,b,a,b,b,b,b,b,b,b,b,a,b
AD.106L(ab);13,a,a,a,a,a,b,b,b,b,b,a,b,a,a,b,a,a,a,b,b,b,b,a,b,b,a,b,a,a,a,a,b,b,a,b,a,a,a,b,a,a,b,a,a,a,a,a,a,b,a,b,b,a,a,a,b,b,b,b,a,b,a,b,b,a,b,b,a,a,a,b,a,b,a,a,a,b,b,b,b,b,b,a,a,b,b,a,b,b,a,a,a,b,a,a,a,a,b,b,a,a,a,b,b,b,b,a,a,a,b,a,b,a,b,b,b,a,-,b,a,b,a,a,a,a,b,a,b,a,b,a,b,b,b,a,a,b,a,b,b,b,b,b,a,b,b,b,b,b,b,b,a,b,b,b,b,b,b,b,b,a,b
GB.112L(ab);14,a,a,b,a,a,b,b,b,b,b,a,b,a,a,b,a,b,a,a,a,b,b,a,b,b,a,b,a,b,a,a,b,a,a,b,a,a,a,b,a,a,b,b,a,a,a,a,a,a,a,b,b,a,a,a,b,b,b,b,a,b,a,b,b,a,b,b,a,a,a,a,a,a,a,a,a,b,b,b,b,b,b,a,a,b,b,a,b,b,a,a,a,a,a,a,b,a,b,b,b,a,a,b,b,b,b,b,a,a,a,b,b,a,b,b,a,a,b,b,a,b,a,a,a,b,b,b,a,a,b,b,b,a,b,a,a,a,a,b,b,b,b,a,b,b,a,b,b,b,b,b,a,b,b,b,b,b,b,b,b,a,b
BH.106L(ab);15,a,a,b,a,a,b,b,b,b,b,a,b,a,a,b,a,b,a,a,a,b,b,a,b,b,a,b,a,b,a,a,b,a,a,b,a,a,a,b,a,a,b,b,a,a,a,a,a,a,a,b,b,a,a,a,b,b,b,b,a,b,a,b,b,a,b,b,a,a,a,a,a,a,a,a,a,b,b,b,b,b,b,a,a,b,b,a,b,a,a,a,a,a,a,a,b,a,b,b,b,a,a,b,b,b,b,a,-,a,a,b,b,a,b,b,a,a,b,b,a,b,a,a,a,b,b,b,a,a,b,b,b,a,b,b,a,a,a,b,b,b,b,a,b,b,a,b,b,b,b,b,a,b,b,b,b,b,b,b,b,a,b
GD.97L(ab);16,a,a,b,a,a,b,b,b,b,b,b,a,a,a,b,a,b,a,b,a,b,b,a,a,b,a,b,a,b,a,a,b,a,b,b,a,a,a,b,a,a,b,b,a,a,a,a,a,a,a,b,b,a,a,a,b,b,b,b,a,b,a,a,b,a,b,b,a,b,a,a,a,a,a,a,a,b,b,b,b,b,b,a,a,b,b,a,b,a,a,a,b,a,a,a,b,a,b,b,b,a,a,b,a,b,b,a,-,a,a,b,b,a,b,b,b,a,b,a,a,b,a,a,a,b,a,b,a,a,b,b,b,a,b,b,a,a,b,b,b,b,b,a,b,b,a,b,b,a,b,b,a,b,b,b,b,b,a,b,b,a,a
DF.93C(ab);17,a,a,b,a,a,a,b,b,b,b,b,a,a,b,b,a,a,a,b,a,a,b,a,a,a,b,b,a,b,a,a,b,a,b,b,b,a,a,a,a,a,b,b,a,b,a,a,a,a,a,b,b,a,a,a,b,b,b,b,a,b,a,a,b,a,b,b,a,b,b,a,a,a,a,a,a,b,b,b,b,b,b,a,a,b,b,a,b,a,a,a,b,a,a,a,b,a,b,b,a,a,a,b,a,b,a,a,b,a,a,b,a,a,b,b,b,a,b,a,a,b,a,a,a,b,a,b,a,a,b,b,b,b,b,b,b,a,b,b,b,b,b,a,b,b,a,b,b,a,b,b,a,b,b,b,a,b,a,b,a,a,b
CD.108L(ab);18,a,a,b,a,a,a,b,b,b,b,b,a,a,b,b,a,b,a,b,a,a,b,a,a,a,a,b,a,b,a,a,b,a,b,b,b,a,a,a,a,a,b,b,a,b,a,a,a,a,a,b,b,a,a,a,b,b,b,b,a,b,a,a,b,a,b,b,a,b,a,a,a,a,a,a,a,b,b,b,b,b,b,a,a,b,b,a,b,a,a,a,b,a,a,a,b,a,b,b,b,a,a,b,a,b,b,a,b,a,a,b,b,a,b,b,b,a,b,a,a,b,a,a,a,b,a,b,a,a,b,b,b,a,b,b,a,a,b,b,b,b,b,a,b,b,a,b,b,a,b,b,a,b,b,b,a,b,a,b,a,a,b
DF.85C(ab);19,a,a,b,a,a,a,b,b,b,a,b,a,a,b,b,a,a,a,b,a,a,b,a,a,a,b,b,a,b,a,a,b,a,b,b,b,a,a,b,a,a,b,b,a,b,a,a,a,a,a,b,b,a,a,a,b,b,b,b,a,b,a,a,b,a,b,b,a,b,b,a,a,a,a,a,a,b,b,b,b,b,b,a,a,b,b,a,b,a,a,a,b,a,a,a,b,a,b,b,a,a,a,b,a,b,a,a,b,a,a,b,a,a,b,b,b,a,b,a,a,b,a,a,a,b,a,b,a,a,b,b,b,b,b,b,b,a,b,b,b,b,b,a,b,b,a,b,b,a,b,b,a,b,b,b,a,b,a,b,a,a,b
FD.59C(ab);20,a,a,b,a,a,a,b,b,b,a,b,a,a,b,b,a,a,a,b,b,a,b,a,a,b,b,b,a,b,a,a,-,a,b,b,b,a,a,b,a,a,b,b,a,b,a,a,a,a,a,b,b,a,a,a,b,b,b,b,a,b,a,a,b,a,b,b,a,b,b,a,a,a,a,a,a,b,a,b,b,b,b,a,a,b,b,a,b,a,a,a,b,a,a,a,b,a,b,b,a,a,a,b,a,b,a,a,b,a,a,b,a,a,b,b,b,a,b,a,a,b,a,a,a,b,a,b,a,a,b,b,b,b,b,a,b,a,b,b,b,b,b,a,b,a,a,b,b,a,b,b,a,b,b,b,a,b,a,b,a,a,b
BF.206L(ab);21,a,a,b,a,a,a,b,b,b,a,b,a,a,b,b,a,b,a,b,b,a,b,a,a,b,b,b,a,b,a,a,a,a,b,b,b,a,a,b,a,b,b,a,a,b,a,a,a,a,a,a,b,a,a,a,a,b,b,b,a,a,a,a,b,a,b,a,a,b,b,a,a,b,a,a,a,b,b,b,b,b,b,b,a,b,a,b,b,a,b,a,b,b,a,a,b,a,b,b,a,a,a,b,a,b,a,a,b,a,a,b,a,a,a,b,b,a,b,a,a,b,a,a,a,b,a,b,a,a,b,b,b,a,b,a,b,a,b,b,b,b,b,a,b,a,b,b,b,a,b,b,a,b,b,b,a,b,a,b,a,a,a
CH.200C(ab);22,a,a,b,a,a,a,b,b,b,a,b,a,a,b,b,a,b,a,b,b,a,b,a,a,b,b,a,a,b,a,a,b,a,b,b,b,a,a,b,a,a,b,a,a,b,a,a,a,a,a,a,a,a,a,a,a,b,b,b,b,a,a,a,b,a,b,a,a,b,b,a,a,b,a,b,a,b,b,b,b,b,b,b,a,b,a,b,b,a,b,a,b,b,a,a,b,a,b,b,a,a,a,a,a,b,a,b,a,a,a,a,a,a,a,b,a,a,b,a,a,b,a,a,a,b,a,b,a,a,b,b,b,a,a,a,a,a,b,b,b,b,a,a,b,a,a,b,a,a,b,b,b,b,b,b,a,b,a,b,a,a,a
DF.260L(ab);23,a,a,b,a,b,a,b,b,a,a,b,a,a,b,b,a,a,a,b,b,a,b,a,a,b,b,a,a,b,b,a,b,a,b,b,b,a,a,b,a,a,b,a,a,b,a,a,a,a,a,a,a,a,a,a,a,b,a,b,b,a,a,a,b,a,b,a,a,b,b,a,a,b,a,b,a,b,b,b,b,b,b,a,b,b,a,b,b,a,b,a,b,b,a,a,b,a,b,b,a,a,a,a,a,b,a,b,a,a,a,a,a,a,a,b,a,a,b,a,a,a,a,a,a,b,a,b,a,a,b,b,b,a,a,a,a,a,b,b,b,b,a,a,b,a,a,a,a,a,a,b,b,b,b,b,a,b,a,b,a,a,a
EC.88C(ab);24,a,a,b,a,b,a,b,b,a,a,b,a,a,b,b,a,a,a,b,b,a,b,a,a,b,b,a,a,b,b,a,a,a,b,b,b,a,a,a,a,a,b,a,a,b,a,a,a,a,a,a,a,a,a,a,a,b,a,b,b,a,a,a,b,a,b,a,a,b,b,a,a,b,b,b,a,b,b,b,b,b,b,a,b,b,a,b,b,a,b,b,b,b,a,a,b,a,b,b,a,a,a,a,a,b,a,b,a,a,a,a,a,a,a,b,a,a,b,a,a,a,a,a,a,b,a,b,a,a,b,b,b,a,b,a,a,a,b,b,b,b,a,a,b,a,a,a,a,a,a,b,b,a,b,b,a,b,a,b,a,a,a
DF.408C(ab);25,a,a,b,a,b,a,b,b,a,a,b,a,a,b,b,a,a,a,b,b,a,a,a,a,b,b,a,a,b,b,a,a,a,b,a,b,a,a,a,a,a,b,a,a,b,a,a,a,b,a,a,a,b,a,a,a,b,a,a,b,a,a,a,b,a,b,a,a,b,a,a,a,b,b,b,a,b,b,b,b,b,b,a,b,b,a,b,b,a,b,b,b,a,a,a,b,a,b,b,a,a,a,a,a,b,a,b,a,a,a,a,a,a,a,b,a,a,b,a,a,a,a,a,a,b,a,b,a,a,b,b,b,a,b,a,a,a,b,b,b,b,a,a,b,a,a,a,a,a,a,a,b,a,b,b,a,b,a,a,a,a,a
HH.375L(ab);26,a,b,b,b,b,a,b,b,a,b,b,a,a,b,a,a,a,a,a,b,a,a,a,a,b,b,a,a,b,b,a,a,a,b,a,b,b,a,a,a,a,b,a,a,b,a,a,a,b,a,a,a,b,a,a,a,b,a,a,b,a,a,a,b,a,b,a,a,b,a,a,a,b,b,b,a,b,a,b,-,b,b,a,b,b,a,b,b,b,b,b,b,a,a,a,b,b,b,b,a,a,a,a,a,a,a,b,a,a,a,a,a,a,a,b,a,a,a,a,a,a,a,a,a,b,b,b,b,a,b,a,b,a,a,a,a,a,b,a,a,b,a,a,b,b,a,a,a,a,a,a,b,a,b,b,a,b,a,a,a,a,a
CH.215L(ab);27,a,b,b,b,b,a,b,b,a,b,b,a,a,b,a,a,a,a,a,b,a,a,a,a,b,b,a,a,b,b,a,a,a,b,a,b,b,a,a,b,a,b,a,a,b,a,a,a,b,a,a,a,b,a,a,a,b,a,a,b,a,a,a,b,a,b,a,a,b,a,a,a,b,b,b,a,b,a,b,b,b,b,a,b,b,a,b,b,b,b,b,b,a,a,a,b,b,b,b,a,a,a,a,a,a,a,b,a,b,a,a,a,a,a,b,a,a,a,a,a,a,a,a,a,b,b,b,b,a,b,a,b,a,a,a,a,a,b,a,a,b,a,a,b,b,a,a,a,a,a,a,b,a,b,b,a,b,a,a,a,a,a
BF.116C(ab);28,a,b,b,b,b,b,b,b,a,b,b,a,a,b,a,a,a,a,a,b,b,a,a,a,b,b,a,a,b,b,a,b,a,b,a,b,b,a,a,b,a,b,a,b,b,a,b,a,b,a,a,a,b,a,a,a,b,a,a,b,a,a,a,b,a,b,a,a,b,a,a,a,a,b,a,a,b,b,b,b,b,b,a,b,b,a,b,b,b,b,b,b,a,a,a,a,a,a,b,a,b,a,a,a,a,b,b,a,b,b,a,a,a,b,b,a,b,a,a,a,a,a,a,a,b,b,b,a,a,b,a,b,a,a,a,a,a,b,a,a,b,a,a,b,b,b,a,a,a,a,b,a,a,b,b,a,b,a,a,a,a,a
GH.157L(ab);29,a,b,b,b,b,b,b,b,a,b,b,a,a,b,a,a,a,a,a,b,b,b,a,a,b,b,a,b,b,b,a,b,a,b,a,b,b,a,b,b,a,b,a,b,b,b,b,b,b,a,a,a,b,a,a,a,b,a,a,b,a,a,a,b,a,b,a,b,b,a,a,a,a,b,b,a,b,b,-,b,b,b,a,b,b,a,b,b,b,b,a,b,a,a,a,a,a,a,b,b,b,a,a,a,a,b,b,a,b,b,a,a,a,b,b,a,b,a,a,a,a,a,a,a,b,b,b,a,a,b,a,b,a,a,a,a,a,b,a,a,b,a,a,b,b,b,a,a,a,a,b,a,a,b,b,a,b,a,a,a,a,a
CC.318C(ab);30,b,b,b,-,b,b,b,b,a,b,b,a,a,b,a,a,a,a,a,b,b,b,a,a,a,b,b,b,a,b,a,b,a,b,a,b,b,a,b,b,a,b,a,b,b,b,b,b,b,b,b,a,b,a,a,a,b,a,b,b,a,a,b,b,b,b,a,b,b,b,a,a,b,b,b,a,b,b,b,b,b,b,a,b,b,b,b,b,b,b,a,b,a,a,a,a,b,a,b,b,b,b,a,a,a,b,b,a,b,b,a,a,a,b,b,a,b,a,a,a,a,b,a,a,b,b,b,a,a,b,b,b,a,a,a,a,a,b,a,b,b,a,a,b,b,b,b,a,a,a,b,b,a,b,b,a,b,a,a,a,b,a
CD.173L(ab);31,b,b,b,b,b,b,b,b,a,b,b,b,b,b,a,a,a,a,a,b,b,b,b,a,b,b,b,b,a,b,a,b,a,b,a,b,b,a,b,b,a,b,a,b,b,b,b,b,b,b,b,a,a,a,b,a,b,a,b,b,a,a,b,b,b,b,a,b,b,b,a,a,b,b,b,a,b,b,b,b,b,b,b,b,b,b,b,b,b,b,a,b,a,a,a,a,b,a,b,b,b,b,a,a,a,b,b,a,b,b,a,a,a,b,b,a,b,a,a,a,a,b,a,a,b,b,b,a,a,b,b,b,a,a,a,a,a,b,a,b,b,a,a,b,b,b,b,b,a,a,b,b,b,b,b,b,b,a,a,a,a,a
FD.90L(ab);32,b,b,b,b,b,b,b,b,a,b,b,b,b,b,a,a,b,a,a,b,b,b,b,a,b,b,b,b,a,b,a,b,a,b,a,b,b,a,b,a,a,b,b,b,b,b,b,a,b,b,a,a,a,a,b,a,b,a,b,b,a,a,b,b,b,b,a,a,b,b,a,a,a,b,b,a,b,b,b,b,b,b,b,b,b,b,b,b,b,b,a,b,a,a,a,a,b,a,b,b,b,b,a,a,a,b,b,a,b,b,a,a,a,b,b,a,b,a,a,a,a,b,a,a,b,b,b,a,a,b,a,b,a,a,a,a,a,b,a,b,b,a,a,b,b,b,b,b,a,a,b,b,b,b,b,b,b,a,a,a,a,a
CD.227C(ab);33,b,b,b,a,b,b,b,b,a,b,b,b,b,b,a,a,b,a,a,b,b,b,b,a,b,a,b,b,a,b,a,b,a,b,a,a,b,a,b,a,a,b,b,b,a,b,b,a,b,b,a,a,a,a,b,a,b,a,b,b,a,a,b,b,b,b,a,a,b,b,a,a,a,b,b,a,b,b,b,b,b,b,b,b,b,b,b,a,b,b,a,a,a,a,a,a,b,a,b,b,b,b,a,a,a,b,b,a,b,b,a,a,b,b,b,a,b,a,a,a,b,b,a,a,b,b,b,a,a,b,a,b,a,a,a,a,a,b,a,b,b,a,a,b,b,b,b,b,a,a,a,b,b,a,b,a,b,a,a,a,a,b
HH.360L(ab);34,b,b,b,a,b,b,b,b,a,b,b,b,a,a,a,a,a,a,a,b,b,b,b,a,b,a,b,b,a,b,a,b,a,b,a,a,b,a,b,a,a,b,a,b,b,b,b,a,b,b,a,a,a,a,b,a,b,b,b,a,a,a,b,b,b,b,a,a,b,b,a,a,a,b,b,a,b,b,b,b,b,b,a,b,b,b,b,a,b,b,a,a,a,a,a,a,b,a,b,b,b,b,b,a,a,b,b,a,b,b,a,a,b,b,b,a,b,a,a,a,b,b,a,a,b,b,b,a,a,b,a,a,b,a,a,a,a,b,a,b,b,a,a,b,a,b,a,b,a,a,a,b,b,a,b,a,b,a,a,a,b,b
AD.156C(ab);35,a,b,a,a,a,b,a,b,b,a,a,b,a,a,b,b,b,a,a,a,a,a,b,b,b,a,b,a,a,b,b,b,a,b,b,a,a,b,a,a,b,b,a,b,a,b,a,b,b,a,a,a,a,a,a,a,b,b,a,b,b,b,a,b,b,b,a,a,b,b,a,a,a,b,b,b,b,a,b,a,b,a,b,b,a,a,b,a,a,a,b,a,a,b,a,b,a,b,b,b,a,b,b,a,b,b,b,b,b,b,a,b,b,b,a,b,b,-,a,a,a,a,a,b,b,a,a,a,b,a,b,a,b,b,a,b,a,a,a,b,a,b,a,b,a,a,b,a,a,b,b,b,b,b,a,b,a,b,a,a,a,a
BF.325L(ab);36,a,b,a,a,a,b,a,b,b,a,a,b,b,b,a,b,a,a,a,a,a,a,b,b,a,a,b,b,a,b,b,b,a,b,b,a,a,b,a,a,b,b,a,b,a,b,a,b,b,a,a,b,b,a,b,a,b,b,a,b,b,b,a,b,b,b,a,a,b,b,a,a,a,b,b,b,b,a,b,a,b,a,b,b,a,a,b,a,a,a,a,a,a,b,a,b,a,b,b,b,b,a,b,a,a,b,b,b,a,b,a,b,b,b,a,b,b,a,a,a,a,b,a,a,b,a,a,a,b,a,b,a,b,b,a,b,a,a,a,a,a,b,a,b,b,a,b,b,a,b,b,b,b,b,a,b,b,b,a,a,a,a
GH.580L(ab);37,b,b,a,a,a,b,a,a,b,a,a,b,a,b,a,b,a,a,a,a,a,a,b,b,a,a,b,b,a,b,b,b,a,b,b,a,a,b,a,b,b,b,b,b,a,b,a,b,b,a,a,b,b,b,b,a,b,b,a,a,a,b,a,a,b,b,a,b,b,b,a,a,a,b,b,b,b,a,-,a,b,a,b,b,a,a,b,a,a,a,a,a,a,a,a,b,a,b,b,b,b,a,b,a,a,b,b,b,a,b,b,b,b,b,a,b,a,a,a,a,a,b,a,a,b,a,a,a,b,a,b,a,b,b,a,b,a,a,a,a,b,b,b,b,b,a,b,a,a,b,b,b,b,b,b,b,a,a,a,a,a,a
CH.610C(ab);38,b,b,a,a,a,b,a,a,b,a,a,b,a,b,a,b,a,a,a,a,a,a,b,b,a,a,a,b,a,b,b,a,a,b,b,a,a,b,a,b,b,b,a,b,a,b,a,b,b,a,a,b,b,b,b,a,b,b,a,a,a,b,a,a,b,b,a,b,b,b,a,a,a,b,b,b,b,a,b,a,b,a,b,b,a,a,b,a,b,a,a,a,a,a,a,b,a,b,b,b,b,a,b,a,a,b,b,b,a,b,b,b,b,b,a,b,a,a,a,a,a,b,a,a,b,a,a,a,b,a,b,a,a,b,a,b,a,a,a,b,b,b,b,b,b,a,b,a,a,b,b,a,b,b,b,b,a,a,a,a,a,a
EC.495C(ab);39,b,b,a,a,a,b,a,a,b,a,a,b,a,b,a,b,a,a,a,a,a,a,b,b,a,a,a,b,a,b,b,a,a,b,b,a,a,b,a,b,b,b,b,b,a,b,b,b,a,a,a,b,b,b,b,a,b,b,a,a,a,b,a,a,b,b,a,b,b,b,a,a,a,b,b,b,b,a,b,a,b,a,b,b,a,a,b,a,b,a,a,a,a,a,a,b,a,b,b,b,b,a,b,a,a,b,b,b,a,b,b,b,b,b,a,b,a,a,a,a,a,b,a,a,b,a,a,a,b,a,b,b,a,b,a,b,a,a,a,b,b,b,b,b,b,a,b,a,a,b,b,a,b,b,b,b,a,a,a,a,a,a
FD.81L(ab);40,b,b,a,a,a,b,a,a,b,a,a,a,b,b,a,b,a,a,a,a,a,a,b,b,a,a,a,b,a,b,b,a,a,b,b,a,a,b,a,b,b,b,b,b,a,b,b,b,a,a,a,b,b,b,b,b,b,b,a,a,a,b,a,a,b,b,a,b,b,b,a,a,a,b,b,b,b,a,b,a,b,b,b,b,a,a,b,a,b,a,a,a,a,a,a,b,a,b,b,a,b,a,b,a,a,b,b,b,a,b,b,b,b,b,a,b,a,a,a,a,a,b,a,a,b,a,a,a,b,a,b,b,a,b,a,b,a,a,a,b,b,b,b,b,b,a,b,a,a,b,b,a,b,b,b,b,a,a,a,a,a,a
BF.105C(ab);41,b,b,a,a,a,b,a,a,b,a,a,a,b,b,a,b,a,a,a,a,a,a,b,b,a,a,a,b,a,b,a,a,a,b,b,a,a,b,a,b,b,b,b,b,a,b,b,b,a,a,a,b,b,b,b,b,b,b,a,a,a,b,a,a,b,b,a,b,b,b,a,a,a,b,b,b,b,a,b,a,b,b,b,b,a,a,b,a,b,a,a,a,a,a,a,b,a,b,b,a,b,a,b,a,a,b,b,b,a,b,b,b,b,b,a,b,a,a,a,a,b,b,a,a,b,a,a,a,b,a,b,b,a,b,a,b,a,a,a,b,b,b,b,b,b,a,b,a,a,b,a,a,b,b,b,b,a,a,a,a,a,a
CH.284C(ab);42,b,b,a,a,a,b,a,b,b,a,a,a,b,b,b,b,a,a,a,a,a,a,b,b,a,a,a,b,a,b,a,a,a,b,b,a,a,b,a,b,b,b,b,b,a,b,b,b,a,a,a,b,b,b,b,a,b,a,a,a,a,b,a,a,b,b,a,b,b,b,a,a,a,b,b,b,b,a,b,a,a,b,b,b,a,a,b,a,b,a,a,a,a,b,a,b,a,b,b,a,b,a,b,a,a,b,b,b,a,b,b,b,b,b,a,b,a,a,a,a,b,b,a,a,b,a,a,a,b,a,b,b,a,a,a,b,a,a,a,b,b,b,b,b,b,a,b,a,a,b,a,a,b,a,b,b,a,a,a,a,b,a
FD.222L(ab);43,b,b,a,a,a,b,a,b,b,a,a,a,b,b,b,b,a,a,b,a,a,a,b,b,a,a,a,a,a,b,a,a,a,b,a,a,b,b,a,b,b,b,b,b,a,b,b,b,a,a,a,b,b,a,b,a,b,a,a,a,a,a,a,b,b,b,a,b,b,b,a,a,a,b,b,b,b,a,b,a,b,b,b,a,a,a,b,a,b,a,a,a,a,b,a,b,a,b,b,a,b,a,b,a,a,b,b,a,a,b,b,b,b,b,a,a,a,a,a,a,b,b,a,a,b,a,a,a,b,a,b,b,a,a,a,b,a,a,a,b,a,b,b,b,b,a,b,a,a,b,a,a,b,a,b,b,a,a,b,a,b,a
EG.66L(ab);44,b,b,a,a,a,b,a,a,b,a,a,a,b,b,b,b,a,a,b,a,a,a,b,b,a,a,a,a,a,b,a,a,a,b,a,a,b,b,a,b,b,b,b,b,a,b,b,b,a,a,a,b,b,a,b,a,b,a,a,a,a,a,a,b,b,b,a,b,b,b,a,a,b,b,a,b,b,a,b,a,b,b,a,a,a,a,b,a,b,a,a,a,a,b,a,b,a,b,b,a,b,a,b,a,a,b,b,a,a,b,b,b,b,b,a,a,a,a,a,a,b,b,a,a,b,a,b,a,b,a,b,b,a,a,a,b,a,a,a,a,a,b,b,b,b,a,b,a,a,a,a,a,b,a,b,b,a,a,b,a,b,a
CH.65C(ab);45,b,b,a,a,a,b,a,a,b,a,a,a,a,b,b,b,a,a,b,a,a,a,b,b,a,a,a,a,a,b,a,a,a,a,a,a,b,b,a,b,b,b,b,b,a,b,b,b,a,a,a,b,b,a,b,a,b,a,a,a,a,a,a,a,b,b,a,b,b,b,a,a,b,b,a,b,b,b,b,a,b,b,a,a,a,a,b,a,b,a,a,a,a,b,a,b,a,b,b,a,b,a,b,a,a,b,b,a,a,b,b,b,b,b,a,a,a,a,a,a,b,b,a,a,b,a,b,a,b,a,b,a,a,a,a,b,a,a,a,a,a,b,b,b,b,a,b,a,a,a,a,a,b,b,b,b,a,a,b,a,b,a
BF.221L(ab);46,b,b,a,a,a,b,a,a,b,a,b,a,a,b,b,b,a,a,b,a,a,a,b,b,a,a,a,a,a,b,a,b,a,a,a,a,b,b,a,b,b,b,b,b,a,b,b,b,a,a,a,b,b,a,b,a,a,a,a,a,a,a,a,a,a,b,a,b,b,b,a,a,b,b,a,b,b,b,b,a,b,b,a,a,a,b,b,a,a,a,a,a,a,a,b,b,a,b,b,a,b,a,b,a,a,b,b,a,b,b,b,b,b,b,a,a,a,a,a,a,b,b,a,a,b,a,b,a,b,a,b,a,b,b,a,b,a,a,a,a,a,b,b,a,b,a,b,a,a,a,a,a,b,b,b,b,a,a,b,a,b,a
FD.85C(ab);47,b,b,a,a,a,b,a,a,b,a,b,a,a,b,b,b,a,a,b,a,a,a,b,b,a,a,a,a,a,b,a,b,a,a,a,a,b,b,a,b,b,b,b,b,a,b,b,b,b,a,a,b,b,a,a,a,a,a,a,a,a,a,a,a,a,b,a,b,b,b,a,a,b,b,a,b,b,b,b,a,b,b,a,a,a,a,b,a,a,a,a,a,a,a,b,b,b,b,b,a,b,a,a,a,a,a,b,a,b,b,b,a,b,b,a,a,a,a,a,b,b,b,a,b,a,a,b,a,b,a,b,a,b,b,a,b,a,b,a,a,a,b,b,a,b,a,b,a,a,a,a,a,b,b,b,a,a,a,b,a,b,a
GB.150L(ab);48,b,a,a,a,a,b,a,a,b,a,b,a,a,b,b,b,a,a,b,a,a,a,b,b,a,a,a,a,a,b,a,b,a,a,a,a,b,b,a,b,b,b,b,b,a,b,b,b,b,a,a,b,b,a,a,a,a,a,b,a,b,a,a,a,a,b,a,b,b,b,a,a,b,b,a,b,b,b,a,a,b,b,a,a,b,a,b,a,a,a,a,a,b,a,b,b,b,b,b,a,b,a,a,a,a,a,b,a,b,b,b,a,b,b,a,a,a,a,a,b,b,b,a,b,a,a,b,a,b,a,b,a,b,b,a,b,a,b,a,a,a,b,b,a,b,a,b,a,a,a,b,a,b,a,b,a,a,a,b,a,b,a
FD.150C(ab);49,b,a,a,a,a,b,a,a,a,a,b,a,a,b,b,b,a,a,b,a,a,a,b,b,a,a,a,a,a,b,a,b,a,a,a,b,b,b,a,b,a,b,b,b,a,b,b,b,b,a,a,b,b,a,a,a,b,a,b,a,b,a,a,a,a,b,a,b,b,b,a,a,b,b,a,b,b,b,a,a,b,b,a,a,b,a,b,a,a,a,a,a,b,a,b,b,b,b,b,b,b,a,a,a,a,a,b,a,b,b,b,a,b,b,a,a,a,a,a,b,b,b,a,b,a,a,b,a,b,a,b,a,a,b,a,b,a,b,a,a,a,b,b,a,b,a,b,a,a,a,b,a,a,a,b,a,a,a,b,a,b,a
GD.460L(ab);50,b,a,a,a,a,b,a,a,a,b,b,a,a,b,b,b,a,a,b,a,a,a,b,b,b,a,a,a,a,b,a,b,a,a,a,b,b,b,a,b,a,b,b,b,a,b,b,b,b,a,a,b,b,a,a,a,a,a,b,a,b,a,b,a,a,b,a,b,b,b,a,a,b,b,a,b,b,b,a,a,b,a,a,a,b,a,b,a,a,a,a,a,b,a,b,b,b,b,b,b,b,a,a,a,a,a,b,a,b,b,b,a,b,a,a,a,a,a,a,b,b,b,a,b,a,a,b,a,b,a,b,a,a,b,a,a,a,b,a,a,a,b,b,a,b,a,b,a,a,a,b,a,a,a,b,a,a,a,b,a,b,a
Erecta(ab);51,b,a,a,a,a,b,a,a,a,b,b,a,a,b,b,b,a,a,b,a,a,a,b,b,b,a,a,a,a,b,a,b,b,a,a,b,b,b,a,b,a,b,b,b,a,b,b,b,b,a,a,b,b,a,a,a,a,a,b,a,b,a,b,a,a,b,a,b,b,b,a,a,b,b,b,b,b,b,b,a,b,a,a,a,b,a,b,a,a,a,a,a,b,a,b,b,b,b,b,b,b,a,a,b,a,a,b,a,b,b,b,a,b,a,a,a,a,a,a,b,b,b,a,b,a,a,b,a,b,a,b,a,a,b,a,a,a,b,a,a,a,b,b,a,b,a,b,a,a,a,b,a,a,a,b,a,a,a,b,a,b,a
BH.195L(ab);52,b,a,a,a,a,b,a,a,a,b,a,a,a,b,b,b,a,a,b,a,a,a,b,b,b,a,a,a,b,b,a,b,b,a,a,a,a,b,a,b,a,a,a,b,a,b,b,b,b,a,a,b,b,a,a,a,a,a,b,a,b,a,b,a,a,b,a,b,b,b,b,a,b,b,b,b,b,b,b,a,b,a,a,a,b,a,b,a,a,a,a,a,b,a,b,b,b,b,b,b,b,a,a,b,a,a,b,a,b,b,b,a,a,b,a,a,a,a,a,b,b,b,b,b,a,b,b,a,b,a,b,a,a,b,a,a,a,b,a,a,a,a,b,a,b,a,b,a,a,a,b,a,a,a,b,a,a,a,b,a,b,b
GH.247L(ab);53,b,a,a,a,a,b,a,a,a,b,a,a,a,b,b,b,a,a,b,b,a,a,b,b,b,a,a,a,b,b,a,a,b,a,a,a,a,b,a,b,a,a,a,b,a,b,b,b,b,a,a,b,b,a,a,a,a,a,b,a,b,a,b,a,a,b,a,b,b,b,b,a,b,b,b,b,b,b,-,a,b,a,a,a,b,a,b,b,a,a,a,a,b,a,b,b,b,b,b,b,b,a,a,b,a,a,b,a,b,b,a,a,a,b,a,a,a,b,a,b,b,b,b,b,a,b,b,a,b,a,b,a,a,b,a,a,a,b,a,a,a,a,b,a,a,a,b,a,a,a,b,a,a,a,b,a,a,a,b,a,a,b
BH.120L(ab);54,b,a,a,a,a,b,a,a,a,b,a,a,a,b,b,b,a,a,b,b,a,a,b,a,b,a,a,a,b,b,a,a,b,a,a,a,a,b,a,b,a,a,a,b,a,b,b,b,b,a,a,b,b,a,b,a,a,a,b,a,b,a,a,a,a,a,a,b,b,b,b,a,b,b,b,b,b,b,b,a,b,a,a,a,b,a,b,b,b,a,a,a,b,a,b,b,b,b,a,b,b,b,a,b,a,b,b,a,b,b,a,a,a,b,a,a,a,b,a,b,b,b,a,b,a,b,b,a,b,a,b,a,a,b,a,a,a,b,a,a,a,a,b,a,a,a,b,a,a,a,b,a,a,a,b,a,a,a,b,a,a,b
DF.140C(ab);55,b,b,a,a,a,b,a,a,a,b,a,a,a,b,b,b,a,a,b,b,a,a,b,a,a,a,a,a,b,b,a,a,a,a,a,a,a,b,a,b,a,a,a,b,a,b,b,b,b,a,a,b,b,a,b,a,a,a,b,a,b,a,a,a,a,a,a,b,b,b,a,a,a,b,b,b,a,b,b,a,b,a,a,a,a,a,b,b,b,a,a,a,b,a,b,b,b,a,a,b,b,b,a,b,a,b,b,a,b,b,a,a,a,b,a,b,a,b,a,b,b,b,a,b,a,b,b,a,b,a,b,a,a,b,a,a,a,b,a,a,a,a,b,a,a,a,a,a,b,a,a,a,a,a,b,a,a,a,b,a,a,b
T2N18(ab);56,b,b,a,a,a,b,a,a,a,b,a,a,a,b,b,b,a,a,b,b,a,a,b,a,a,a,a,a,b,b,a,a,a,a,a,a,a,b,a,b,a,a,a,b,a,b,a,b,b,a,a,b,b,a,b,a,a,a,b,a,b,a,a,a,a,a,a,b,b,b,a,a,a,b,b,b,a,b,b,a,b,a,a,a,a,a,b,b,b,a,a,a,b,a,b,b,b,a,a,a,b,b,a,b,a,b,b,a,b,b,a,a,a,b,a,b,a,b,a,a,b,b,a,b,a,b,b,a,b,a,b,a,a,b,a,a,a,b,a,a,a,a,b,a,a,a,a,a,b,a,a,a,a,b,b,a,a,a,b,a,a,b
T6A23(ab);57,b,b,a,a,a,b,a,a,a,b,a,a,a,a,b,b,a,a,b,b,a,a,b,a,a,a,a,a,b,b,a,a,a,a,a,a,a,a,a,b,a,a,a,b,a,b,a,b,b,a,a,b,b,a,b,a,a,a,b,a,b,a,a,a,a,a,a,b,b,b,a,a,a,a,b,b,a,b,b,a,b,a,a,a,a,a,b,b,b,a,a,a,b,a,b,b,b,a,a,b,a,b,a,b,a,b,b,a,b,b,a,a,a,b,a,a,a,b,a,a,b,b,a,a,a,b,a,a,b,b,b,a,a,a,a,a,a,b,a,a,a,a,b,a,a,a,a,a,b,a,a,a,a,b,b,a,a,a,b,a,a,b
EG.357C(ab);58,a,b,a,a,a,b,a,a,a,b,a,a,a,a,b,b,a,a,b,b,a,a,b,a,b,a,a,a,b,b,a,a,a,a,a,b,a,a,a,b,a,a,a,b,a,b,a,b,b,a,a,b,b,a,b,b,a,a,b,a,b,a,a,a,a,a,a,b,a,b,a,a,a,a,b,a,a,b,a,a,b,b,a,a,a,a,b,b,b,a,a,a,b,a,a,b,b,a,a,b,a,b,a,b,a,b,b,a,b,b,a,a,a,b,a,a,a,b,a,a,a,b,a,a,a,b,a,a,b,b,b,a,a,b,a,a,a,b,a,a,a,a,b,a,a,a,a,a,b,b,a,a,a,b,b,a,a,a,b,a,a,b
F4I1(ab);59,b,b,a,a,a,b,a,a,a,b,a,a,a,a,b,a,a,a,b,b,a,a,b,a,b,a,a,a,b,b,a,a,b,a,a,b,a,a,a,b,a,a,a,b,a,b,a,b,a,a,a,b,b,a,b,b,a,a,b,a,b,a,b,b,a,a,a,b,a,b,a,a,a,a,b,a,a,b,a,a,b,b,a,a,a,a,b,b,b,a,a,a,b,a,a,b,b,a,a,b,a,b,a,b,a,b,b,a,b,b,a,a,a,b,a,a,a,b,a,a,a,b,a,a,a,a,a,a,b,b,b,a,b,b,a,a,a,b,a,b,a,a,b,b,a,a,a,b,b,b,a,a,a,b,a,a,a,a,b,a,a,b
MSAT2.22(ab);60,b,b,a,a,a,b,a,a,b,a,a,a,a,a,b,b,a,a,b,b,a,a,b,a,a,a,a,a,b,b,a,a,b,a,a,b,b,a,a,b,a,a,a,b,a,a,a,b,a,a,a,b,a,a,b,b,a,a,b,a,b,a,a,b,a,a,a,b,a,b,a,a,a,a,b,a,a,b,a,a,b,b,a,a,a,a,b,b,b,b,a,a,b,a,a,b,a,a,a,b,a,b,a,b,a,b,b,a,b,a,b,a,a,b,a,a,a,b,a,a,a,b,a,a,a,a,b,a,b,b,b,a,b,b,b,a,a,b,a,b,b,b,b,b,a,a,b,b,b,b,a,a,a,b,a,a,a,a,b,a,a,b
DF.77C(ab);61,b,b,a,a,a,b,a,b,a,b,b,b,a,b,a,a,a,a,b,a,a,a,b,b,b,b,a,b,b,a,a,b,a,b,b,a,b,a,a,a,a,b,b,a,b,a,a,b,b,a,a,a,a,a,a,b,a,a,a,a,a,b,b,b,a,b,b,b,a,b,a,a,a,a,a,a,b,a,a,a,a,b,a,b,a,b,b,a,b,b,b,a,a,b,a,a,a,a,a,a,b,b,a,a,a,b,a,a,b,b,a,a,a,a,b,a,a,b,b,b,b,b,a,b,a,a,b,b,a,a,a,a,a,a,b,b,b,b,b,a,b,a,a,a,a,b,a,b,a,a,a,a,a,a,a,b,a,a,a,a,b,a
GB.120C(ab);62,b,b,a,a,a,b,a,a,a,b,b,b,a,b,a,a,a,a,b,a,a,a,b,b,b,b,a,b,b,a,a,b,a,b,b,a,b,a,a,a,a,b,b,a,b,a,a,a,b,a,a,a,a,a,a,a,a,a,a,a,a,b,b,b,a,b,b,a,a,b,a,a,a,a,a,a,b,a,a,a,a,b,a,b,a,b,b,a,b,b,b,a,b,b,a,a,a,a,a,a,b,b,a,a,a,b,a,b,b,b,a,a,a,a,b,a,a,b,b,b,b,b,a,b,a,a,b,b,a,a,a,a,a,a,a,b,b,b,b,a,b,b,a,a,a,b,a,b,a,a,a,a,a,a,a,b,a,a,a,a,b,a
EG.75L(ab);63,b,b,a,a,a,b,a,a,a,b,a,b,a,b,a,a,a,a,b,a,a,a,b,b,b,b,a,b,b,a,a,b,a,a,b,a,b,a,a,a,a,b,b,b,a,a,a,a,b,a,a,a,a,a,a,a,a,a,a,a,a,b,b,b,a,a,b,a,a,b,a,a,a,a,a,a,b,a,a,b,a,b,a,b,a,b,b,a,b,a,a,a,b,b,a,a,a,a,a,a,b,b,a,a,a,-,a,a,b,b,a,b,a,a,b,a,a,b,b,b,b,b,a,b,a,a,-,b,a,a,a,a,a,a,a,a,b,b,a,a,b,b,a,a,a,b,a,b,a,a,a,a,a,a,a,b,a,a,a,b,b,a
CH.322C(ab);64,b,b,a,a,a,b,a,a,a,b,a,b,a,b,b,a,a,a,b,a,a,a,b,b,b,b,a,b,b,a,a,b,a,a,b,a,b,a,a,a,a,b,b,b,a,a,a,a,b,a,a,a,a,a,a,a,a,a,a,a,a,b,b,b,a,a,b,a,a,a,a,a,a,a,a,a,b,a,a,b,a,b,a,b,a,b,b,a,b,a,a,a,b,a,a,a,a,a,a,a,b,b,a,a,a,-,a,a,a,b,a,b,a,a,b,a,a,b,b,b,b,b,a,b,a,a,b,b,a,a,a,a,a,a,a,a,b,b,a,a,b,b,a,a,a,b,a,b,a,a,a,a,a,a,a,b,a,a,a,b,b,a
FD.111L(ab);65,b,b,-,a,a,b,a,a,a,b,b,b,a,b,b,a,a,a,b,a,a,a,b,b,b,b,a,b,b,a,b,b,a,a,b,a,b,a,a,a,a,b,b,b,a,a,a,a,b,a,a,a,a,a,a,a,a,a,a,a,a,b,b,b,a,a,b,a,a,a,a,a,a,a,a,a,b,a,a,b,a,b,a,a,a,b,b,a,b,a,a,a,b,a,a,a,b,a,a,b,a,b,a,a,a,b,a,b,a,b,a,b,a,a,b,a,a,b,b,b,b,b,a,a,a,a,b,b,a,a,b,a,a,a,a,a,b,b,a,a,b,b,a,a,a,b,a,b,a,a,a,a,a,a,a,b,a,a,a,b,b,a
CC.266L(ab);66,b,b,b,-,a,b,a,a,a,b,b,b,a,b,b,a,a,a,a,a,a,a,b,b,b,b,a,a,b,a,b,b,a,a,b,a,b,a,a,a,a,b,b,b,a,a,a,a,a,a,a,b,a,a,a,a,a,a,a,a,a,b,b,a,a,a,b,a,a,a,b,a,a,a,a,a,b,a,a,b,a,b,a,a,a,b,b,a,b,a,a,a,b,a,a,a,b,a,a,b,a,b,a,a,a,b,a,b,b,b,a,b,a,a,a,a,a,b,b,b,b,b,a,a,a,a,b,b,a,a,b,a,a,a,a,a,b,b,a,a,b,b,a,b,a,b,a,b,a,a,a,a,a,a,a,b,a,a,a,a,b,a
BH.88C(ab);67,b,b,b,a,a,b,a,a,b,b,b,b,a,b,b,a,-,a,a,a,a,a,b,b,b,b,a,a,b,a,b,b,a,a,b,a,b,a,a,a,a,b,b,b,a,a,a,a,a,a,a,b,a,a,a,a,a,a,a,a,a,b,b,a,a,a,b,a,a,a,b,a,a,a,a,a,a,a,a,b,b,b,a,a,a,b,b,a,b,a,a,a,b,b,a,a,b,b,b,b,a,b,a,a,a,b,a,b,a,b,a,b,a,a,a,a,a,b,b,b,b,b,a,a,a,b,b,b,a,a,b,a,a,a,a,a,b,b,a,a,a,b,a,b,a,b,a,b,a,a,a,a,a,a,a,b,a,a,a,a,b,a
GH.226C(ab);68,a,b,b,a,a,b,a,a,b,b,b,a,a,b,b,a,b,a,a,a,a,a,b,b,b,a,a,a,b,a,b,b,a,a,b,a,b,a,a,a,a,b,b,b,a,a,b,a,a,a,a,b,a,a,a,a,a,a,a,a,a,a,-,a,a,a,b,a,a,a,b,a,a,a,a,a,a,a,-,b,b,b,a,a,a,b,b,a,b,a,a,a,b,a,a,a,b,b,b,b,a,b,a,a,a,a,a,b,a,b,a,b,a,a,a,b,a,b,b,a,b,b,a,a,a,b,b,b,a,a,b,a,a,a,a,a,b,b,a,a,a,b,a,a,a,b,a,b,a,a,a,a,a,a,a,b,a,a,a,a,b,a
EC.83C(ab);69,a,b,b,a,a,b,a,a,b,b,b,a,a,b,b,a,b,a,a,a,a,a,b,b,b,a,a,a,b,a,b,b,a,a,a,a,a,a,a,a,a,b,a,b,a,a,b,a,a,a,a,b,a,a,a,a,a,a,a,a,a,a,-,a,a,a,b,a,a,b,b,a,a,a,a,a,a,b,a,b,b,b,a,b,a,b,b,a,b,b,a,a,b,a,a,a,b,b,b,b,a,b,a,a,a,a,a,b,a,b,a,b,a,a,a,b,b,b,b,a,b,a,a,a,a,b,b,b,a,a,b,a,a,a,a,b,b,b,a,a,a,b,a,a,a,b,a,b,b,a,a,a,a,a,a,b,a,a,a,a,b,a
GD.318C(ab);70,a,a,b,a,a,b,a,a,b,b,b,a,a,b,b,a,b,a,a,a,a,a,b,b,a,a,a,a,b,a,a,b,a,a,a,a,a,a,b,b,a,b,a,b,a,a,b,a,a,a,b,b,a,a,a,a,a,a,a,a,a,a,a,a,a,a,b,a,a,b,b,a,a,a,a,a,a,b,a,b,b,b,a,b,a,b,b,a,b,b,a,a,b,a,a,a,b,b,b,b,a,b,a,a,a,a,a,b,a,b,a,b,-,a,a,b,b,b,b,a,b,a,a,a,a,b,b,b,a,a,b,a,a,a,a,b,b,b,a,a,a,b,b,a,a,b,a,b,b,a,a,a,a,a,a,b,a,a,a,a,b,a
AD.92L(ab);71,a,a,b,a,a,b,a,a,b,a,b,a,a,a,b,a,b,a,a,a,a,a,b,b,a,a,a,a,b,a,a,b,a,a,a,a,a,a,b,b,a,b,a,a,a,a,b,a,a,a,b,b,b,b,a,a,a,a,a,a,a,a,a,a,a,a,b,a,a,b,b,a,b,a,a,b,a,b,a,b,b,b,a,b,a,b,b,a,b,b,a,a,b,a,a,a,b,b,b,b,a,b,a,a,a,a,a,b,a,b,a,b,-,a,a,b,b,-,b,a,b,a,a,a,a,b,b,b,a,a,b,a,a,a,a,b,b,b,a,a,a,a,b,a,a,b,a,b,b,a,a,a,a,a,a,b,a,a,a,a,b,a
BF.148C(ab);72,a,a,b,b,a,b,a,a,b,a,b,a,a,a,a,a,a,a,a,a,b,a,b,b,a,a,a,a,b,a,a,b,a,b,a,a,a,b,a,b,a,b,a,a,a,a,b,a,a,a,b,b,b,b,a,a,a,a,a,a,a,a,a,a,a,a,b,a,a,b,b,a,b,a,a,b,a,b,a,b,b,b,a,b,a,b,b,a,b,b,a,a,b,a,a,a,b,b,b,b,a,a,a,a,a,a,a,b,a,b,a,a,b,a,a,b,a,b,b,a,-,a,a,a,a,b,b,b,a,a,b,a,a,a,a,b,b,b,a,a,a,a,b,a,a,b,a,b,b,a,a,a,a,a,a,b,a,a,a,a,a,a
CD.800C(ab);73,a,a,a,b,a,b,b,a,b,a,b,a,a,a,a,a,a,b,a,a,a,a,b,b,a,a,a,a,b,a,a,b,a,b,a,a,a,b,a,b,a,b,a,a,a,a,b,a,a,a,b,b,b,b,a,a,a,a,a,a,a,a,b,a,b,a,b,a,a,b,b,a,b,a,a,b,a,b,a,b,b,b,a,b,a,b,b,a,b,b,a,a,b,a,a,a,b,b,b,b,a,a,-,a,a,a,a,b,a,b,a,a,b,a,a,b,a,a,b,a,a,a,a,a,a,b,b,b,a,a,b,a,a,b,a,a,b,b,a,a,a,a,b,a,a,b,a,b,b,a,a,a,a,b,a,b,a,a,a,a,a,a
BF.134C(ab);74,a,a,a,b,a,b,b,a,b,a,b,a,a,a,a,a,a,b,a,b,a,a,b,b,a,a,a,a,b,a,a,b,a,b,a,a,a,b,a,b,a,b,a,a,a,a,b,a,a,a,b,b,b,b,b,a,a,a,a,a,a,a,b,a,b,a,b,a,a,b,b,a,b,a,a,b,a,b,b,b,b,b,a,b,a,b,b,a,b,b,a,a,b,a,a,a,b,b,b,b,a,a,a,a,a,a,a,b,a,b,a,a,b,a,a,b,b,a,b,a,a,a,a,a,b,b,b,b,a,a,b,a,a,b,a,a,b,b,a,a,a,b,b,a,a,b,a,b,b,a,a,a,a,b,a,b,a,a,a,a,a,a
DF.250L(ab);75,a,a,b,b,a,b,a,a,b,a,b,a,a,a,a,a,a,b,a,b,a,b,b,b,a,a,a,a,b,b,a,b,a,a,a,a,a,a,a,b,a,a,a,a,a,a,a,a,a,a,b,b,b,b,a,a,b,a,a,a,a,a,b,b,b,a,a,a,b,b,b,a,b,a,a,b,a,b,b,b,b,b,a,b,a,b,b,a,a,b,a,a,a,a,a,a,b,b,b,b,b,a,a,a,a,a,a,b,a,b,a,a,a,b,a,b,b,a,b,b,a,a,a,a,b,b,b,b,b,b,b,a,a,a,a,a,a,b,a,a,a,b,b,a,b,b,a,b,a,a,a,a,a,b,a,b,b,a,a,a,a,a
GD.136C(ab);76,a,a,b,b,a,b,b,a,b,a,b,a,a,a,a,a,a,b,a,b,a,b,b,b,a,a,a,a,b,a,a,b,a,a,a,a,a,b,a,b,a,a,a,a,a,a,a,a,a,a,b,b,b,b,b,a,b,a,a,a,a,a,b,b,b,a,a,a,b,b,b,a,b,a,a,b,a,b,a,b,b,b,a,b,a,b,b,a,b,b,a,a,b,a,a,a,b,b,b,b,a,a,a,a,a,a,a,b,a,b,a,a,a,b,a,b,b,a,b,b,a,a,a,a,b,b,b,b,b,b,b,a,a,a,a,a,a,b,a,a,a,b,b,a,b,b,a,b,b,a,a,a,a,b,a,b,a,a,a,a,a,a
HH.440L(ab);77,a,a,b,b,a,b,a,a,b,a,b,a,a,a,a,a,a,b,a,b,a,b,b,b,a,a,a,a,b,b,a,b,a,a,a,a,a,b,a,b,a,a,a,a,a,a,a,a,a,a,b,b,b,b,a,a,b,a,a,a,a,a,b,b,b,a,a,a,b,b,b,a,b,a,a,b,a,b,b,b,b,b,a,b,a,b,b,a,a,b,a,a,a,a,a,a,b,b,b,b,b,a,a,a,a,a,a,b,a,b,a,a,a,b,a,b,b,a,b,b,a,a,a,a,b,b,b,b,b,b,b,a,a,a,a,a,a,b,a,a,a,b,b,a,b,b,a,b,a,a,a,a,a,b,a,b,b,a,a,a,a,a
BF.128C(ab);78,a,a,b,b,a,b,a,a,b,a,b,a,a,a,a,a,a,b,a,b,a,b,b,b,a,a,a,a,b,b,a,b,a,a,a,a,a,a,a,b,a,a,a,a,a,a,a,a,a,a,a,b,b,b,a,a,b,b,a,a,a,a,b,b,b,a,a,a,b,b,a,a,b,a,a,b,a,b,b,a,b,b,a,b,a,b,b,a,a,b,a,a,a,a,a,a,b,b,b,b,b,a,a,a,a,a,a,b,a,b,a,a,a,b,a,b,b,a,b,b,a,a,a,a,b,b,b,b,b,b,b,a,a,a,a,a,a,b,a,b,a,b,b,a,b,b,a,b,a,a,b,a,a,b,a,b,b,a,a,a,a,a
HH.117C(ab);79,a,a,b,b,a,b,a,a,b,a,b,a,a,a,a,a,a,b,a,b,a,b,b,b,a,a,a,a,b,b,a,b,a,a,a,a,b,a,a,b,a,a,b,a,a,a,a,a,a,a,a,b,b,b,a,a,b,b,b,a,a,a,b,b,b,a,a,a,b,b,a,a,b,a,a,b,a,b,b,a,b,b,a,b,a,b,b,a,a,b,a,b,a,a,a,a,b,b,b,b,b,a,a,a,a,a,b,b,a,b,a,a,a,b,a,b,b,a,b,b,a,a,a,a,b,b,b,b,b,b,b,a,a,a,a,a,b,b,a,b,a,b,b,a,b,b,a,b,a,a,b,b,a,b,a,a,b,a,a,a,a,a
GD.296C(ab);80,a,a,b,b,a,b,a,a,b,a,b,a,a,b,a,a,a,a,a,a,a,b,b,b,a,a,a,a,b,b,a,b,a,a,a,a,b,a,a,b,a,a,b,a,a,a,a,a,a,a,a,b,b,b,a,a,b,a,b,b,a,a,b,a,b,a,a,b,b,b,a,a,b,b,a,b,a,b,b,a,b,b,a,b,a,b,b,a,a,b,b,b,a,a,a,a,b,b,b,b,b,a,a,a,a,a,b,b,a,b,a,a,a,b,a,a,b,a,b,b,a,a,a,a,b,b,b,b,b,b,b,a,a,a,a,a,b,b,a,b,a,b,b,a,b,b,a,b,a,a,b,a,a,b,a,a,b,a,b,a,a,a
DF.328C(ab);81,a,a,b,a,a,b,a,a,b,a,b,a,a,b,b,a,a,a,a,a,a,b,b,b,a,a,a,a,b,b,a,b,a,a,a,a,b,b,a,b,b,a,b,a,a,a,a,a,a,a,a,b,b,b,a,a,b,a,b,b,a,a,b,a,b,a,a,a,b,b,a,a,a,b,a,b,a,b,a,a,b,b,a,b,a,b,b,a,a,b,b,b,b,a,a,a,b,b,b,b,b,a,a,a,a,a,b,b,a,b,a,a,a,b,a,a,b,a,b,b,a,a,a,a,b,b,b,b,b,b,b,a,a,b,a,a,b,b,a,b,b,b,b,a,b,b,a,b,a,a,b,a,a,b,a,a,b,a,b,a,a,a
FD.98C(ab);82,a,a,b,a,a,b,a,a,b,a,b,a,a,b,b,a,a,a,a,a,a,b,b,b,a,a,a,a,b,b,a,b,a,a,a,a,b,b,a,b,b,a,b,a,a,a,a,a,a,a,a,b,b,b,a,a,b,a,b,b,a,a,b,a,b,a,a,a,b,b,a,a,a,b,a,b,a,b,a,a,b,a,a,b,a,b,b,a,a,b,b,b,b,b,a,a,b,b,b,b,b,a,a,a,a,a,b,a,b,b,a,a,a,b,a,a,b,a,b,b,a,a,a,a,b,b,b,b,b,b,b,a,a,b,a,a,b,a,a,b,b,b,b,a,b,b,a,b,a,a,b,a,a,b,a,a,b,a,b,a,a,a
CD.87L(ab);83,a,a,b,a,a,b,b,a,b,a,a,a,a,b,a,a,a,a,a,a,a,b,a,b,a,a,b,b,b,b,a,a,a,a,a,a,b,b,b,b,b,a,b,a,a,a,a,a,a,b,b,a,b,a,a,a,b,a,b,a,a,a,b,a,b,a,a,a,b,b,a,a,a,b,a,b,a,b,a,b,b,a,a,b,a,b,b,a,a,b,b,a,b,a,a,a,b,b,a,b,b,a,b,a,a,a,b,a,b,b,a,a,a,b,a,a,b,a,b,b,a,a,a,a,b,b,b,b,b,b,b,b,a,a,b,a,b,a,a,b,b,b,b,a,b,b,a,b,a,a,b,a,a,b,a,a,b,a,b,a,a,a
DF.65L(ab);84,a,a,a,a,a,b,b,a,a,a,a,a,a,b,a,a,a,a,a,a,a,b,a,b,a,a,b,b,b,b,a,b,a,a,b,a,b,b,b,b,b,a,b,a,a,a,a,a,a,b,b,a,b,a,a,a,b,a,b,a,a,a,b,a,b,a,a,a,b,b,a,a,a,b,a,b,a,b,b,b,b,a,a,b,a,b,b,a,a,b,b,a,a,a,a,a,b,b,a,b,b,a,b,a,a,a,b,a,b,b,a,a,a,b,a,a,b,a,b,b,a,a,a,a,b,b,b,b,b,b,b,b,a,a,b,a,b,a,a,b,b,b,b,a,b,b,a,b,a,a,b,a,a,b,a,a,b,a,b,a,a,a
HH.171C(ab);85,a,a,a,a,a,b,b,a,a,b,a,a,a,b,a,a,a,a,a,a,a,b,a,b,a,a,b,b,b,b,a,b,a,a,b,a,b,b,b,b,b,a,a,a,a,a,a,a,a,b,b,a,b,a,a,a,b,a,b,b,a,a,b,a,b,a,a,a,b,b,a,a,a,b,a,b,a,b,b,b,b,a,a,a,a,b,b,a,a,b,b,a,a,a,a,a,b,b,a,b,b,b,b,a,a,a,b,a,b,b,b,b,a,b,a,a,b,a,b,b,a,a,a,a,b,b,b,b,b,b,b,b,a,a,b,a,b,a,a,b,b,b,b,a,b,b,a,b,a,a,b,a,a,b,a,a,b,a,b,a,a,a
AD.112L(ab);86,a,a,a,a,a,b,b,a,a,b,a,a,a,b,a,a,a,a,a,b,a,b,a,b,a,a,b,b,b,b,a,b,a,a,b,a,b,b,b,a,b,a,a,a,a,b,b,a,a,b,b,a,b,a,a,a,b,a,b,b,a,a,b,a,b,a,a,a,b,b,a,a,a,b,a,b,a,b,b,b,b,a,a,a,a,b,b,a,a,b,b,a,a,a,a,a,b,b,a,b,b,b,b,a,a,b,b,a,b,b,b,b,a,b,a,a,b,-,b,b,a,a,a,a,b,b,b,b,b,b,b,b,a,b,b,a,b,a,b,b,b,b,b,a,b,b,a,b,a,a,b,a,a,a,a,a,b,a,b,a,b,a
BH.109L(ab);87,a,a,a,a,a,b,b,a,a,b,a,a,a,b,a,a,a,a,a,b,a,b,a,b,b,a,b,b,b,b,a,b,a,a,b,a,b,b,b,a,b,a,a,a,a,b,b,a,a,b,b,a,b,a,a,a,b,a,b,b,a,a,b,a,b,a,a,a,b,b,a,a,a,b,a,b,a,b,b,b,b,a,a,a,a,b,b,a,a,b,b,a,a,a,a,a,b,b,a,b,b,b,b,a,a,b,b,a,b,b,b,b,a,a,b,a,b,a,a,b,a,a,a,b,b,b,b,b,b,b,b,b,a,b,b,a,b,a,b,b,b,b,b,a,b,b,a,b,a,a,b,b,a,a,b,a,b,a,b,a,b,a
HH.90L(ab);88,a,a,a,a,a,b,b,a,a,b,a,a,a,b,a,a,a,a,a,b,a,b,a,b,b,a,b,b,b,b,a,b,a,a,b,a,b,b,b,a,b,a,b,a,a,b,b,a,a,b,b,a,b,a,a,a,b,a,b,b,-,a,b,a,a,a,a,a,b,b,a,a,a,b,a,b,a,a,b,b,b,a,a,a,a,b,b,a,a,b,b,a,a,a,a,a,b,b,a,b,b,b,b,a,a,a,b,a,b,b,b,b,a,a,b,a,b,a,a,b,a,a,a,b,b,b,b,b,b,a,b,b,a,b,b,a,b,a,b,b,b,b,b,a,b,b,a,b,a,a,b,b,a,a,b,a,b,a,b,a,b,a
ANL2(ab);89,b,b,b,a,b,b,b,a,b,b,a,a,a,b,b,b,b,a,b,b,b,b,a,b,a,b,b,b,a,b,b,a,b,b,a,a,a,a,a,a,a,a,a,b,a,b,b,b,b,b,b,b,a,b,b,b,b,a,a,b,b,a,a,b,b,a,b,a,a,b,b,b,a,b,b,b,b,b,a,a,a,a,a,b,b,b,a,b,a,a,a,b,a,a,a,a,b,a,a,b,b,b,b,a,a,b,a,a,b,b,a,b,b,b,a,a,b,a,a,a,a,a,a,a,b,a,a,b,b,b,b,a,a,b,b,a,b,a,b,b,b,a,b,a,a,b,b,a,a,a,b,a,b,a,a,b,a,a,b,b,b,b
GH.250C(ab);90,b,b,b,a,b,b,b,a,b,b,a,a,a,b,b,a,b,a,a,b,b,b,a,b,a,b,a,b,a,b,b,a,b,b,a,b,a,a,a,a,a,a,a,b,a,b,b,b,b,b,a,b,b,b,b,b,b,b,a,b,b,b,a,b,b,a,b,a,a,b,b,b,a,b,b,b,b,b,-,b,a,a,a,b,b,b,a,b,a,b,a,b,a,a,a,a,b,a,a,b,b,b,b,a,a,b,a,a,b,b,a,b,a,b,a,a,b,a,b,a,b,a,a,a,b,b,a,b,a,b,a,b,a,b,b,a,b,a,b,b,b,a,b,a,a,b,b,a,a,a,a,b,b,a,a,b,a,b,b,a,b,b
GA1(ab);91,b,b,b,a,b,a,b,a,b,b,a,a,a,b,b,a,b,a,a,b,b,b,a,b,a,b,a,b,a,b,b,a,b,b,a,b,a,a,a,a,a,a,a,b,a,b,b,b,b,b,a,b,b,b,b,b,b,a,a,b,b,b,a,b,b,a,b,a,a,b,b,b,a,b,b,b,b,b,a,b,a,a,a,b,b,b,a,b,a,b,a,b,a,a,a,a,b,b,a,b,b,b,b,a,a,b,a,a,b,b,a,b,a,b,a,a,a,a,b,a,b,a,a,a,b,b,a,b,a,b,a,b,a,a,b,a,b,a,b,b,b,b,b,a,a,b,b,a,a,a,a,b,b,a,a,b,a,b,b,a,b,b
C6L9(ab);92,b,b,b,a,b,a,b,b,b,b,a,a,a,b,b,a,b,a,a,b,b,b,a,b,a,a,a,b,a,b,b,a,b,b,a,b,a,a,a,a,a,a,a,b,a,b,b,b,b,b,b,b,b,b,b,b,b,a,a,b,b,b,a,b,b,a,a,a,a,b,b,b,a,b,b,b,a,b,a,b,a,a,a,b,b,b,a,b,a,b,a,b,a,a,a,a,b,b,a,b,b,b,b,a,a,b,a,a,b,b,a,b,a,a,a,a,a,a,b,a,b,a,b,a,b,b,a,b,a,b,a,a,b,b,b,a,a,a,b,b,b,b,b,a,a,b,b,a,a,a,a,b,b,a,a,b,a,a,b,a,b,a
T7M24(ab);93,b,a,b,a,b,a,b,b,b,b,b,a,a,b,b,a,a,a,a,b,b,b,a,b,a,a,a,b,a,b,b,a,b,b,a,b,a,a,a,a,a,a,a,b,a,b,b,b,b,b,a,a,b,b,b,b,b,b,a,b,b,b,a,b,b,a,a,b,a,b,b,b,b,b,a,a,a,b,a,b,a,a,b,b,b,a,b,b,a,b,a,b,a,a,a,a,b,b,a,b,b,b,a,a,a,b,a,b,b,b,a,b,a,b,a,a,a,a,b,a,b,b,b,a,b,b,a,b,a,b,a,a,b,b,b,a,a,a,b,b,b,b,b,a,a,b,b,a,a,a,a,b,b,a,b,b,a,a,a,a,b,a
CD.730C(ab);94,b,a,b,a,b,a,b,b,b,b,b,a,a,b,b,a,a,a,a,b,b,b,a,b,a,a,a,b,a,b,b,a,b,b,a,b,a,a,a,a,a,a,a,b,a,b,b,b,b,b,b,a,b,b,b,b,b,b,a,b,b,b,a,b,b,a,a,b,a,b,b,b,b,a,a,a,a,b,a,b,a,a,b,b,b,a,b,b,a,b,a,b,a,a,a,a,b,b,a,a,b,b,a,a,a,b,a,b,b,b,a,b,a,b,a,a,a,a,b,a,b,b,b,a,b,b,b,b,a,b,a,a,b,b,b,a,a,a,b,b,b,a,b,a,a,a,b,a,a,a,a,b,b,a,b,b,a,a,a,a,b,a
CH.169C(ab);95,b,a,b,a,b,a,b,b,b,b,b,a,a,b,b,a,a,a,a,b,b,b,a,b,a,b,a,b,a,b,b,a,b,b,a,b,a,a,a,a,a,a,a,b,a,b,b,b,b,b,a,a,b,b,b,b,b,b,a,b,b,b,a,b,b,a,a,b,a,b,b,b,b,a,a,a,a,b,a,b,a,a,b,b,b,a,b,b,a,b,a,b,a,a,a,a,b,b,a,a,b,b,a,a,a,b,a,b,b,b,a,b,a,b,a,a,a,a,b,a,b,b,b,a,b,b,b,b,a,b,a,a,b,b,b,a,a,a,b,b,b,a,b,a,a,b,b,a,a,a,a,b,b,a,b,b,a,a,a,a,b,a
EC.306L(ab);96,b,a,b,b,a,a,b,b,b,b,b,a,a,b,b,a,a,a,b,b,b,-,b,b,a,a,b,b,a,b,b,a,b,b,a,b,a,a,a,a,a,a,a,b,a,b,b,b,b,b,b,a,b,b,b,b,b,b,a,b,b,b,a,b,b,a,a,b,b,b,b,b,b,a,a,a,a,b,a,a,a,a,b,b,b,b,b,b,a,b,b,b,a,a,a,a,a,b,a,a,b,b,a,a,a,b,a,b,b,b,a,b,a,b,b,a,a,a,b,a,b,b,b,a,b,b,b,b,a,b,a,a,b,b,b,a,a,a,b,b,b,a,b,a,a,a,b,a,a,a,-,b,b,a,b,b,a,a,b,a,b,a
BH.92L(ab);97,b,a,b,b,a,a,a,a,b,b,b,a,a,b,b,a,a,a,a,b,b,a,b,b,a,a,b,b,a,b,b,a,b,a,b,b,a,a,a,a,a,a,a,b,a,b,b,b,b,b,b,a,b,b,b,b,b,b,a,b,a,b,a,a,b,b,a,b,b,b,a,b,b,a,a,a,a,b,a,a,a,a,b,b,b,b,b,b,a,b,b,b,a,a,a,-,a,b,a,a,b,-,a,a,a,a,a,b,b,b,a,b,a,b,b,a,a,a,b,a,b,b,b,a,a,b,b,b,a,b,a,a,b,b,b,a,a,a,b,a,b,a,b,a,b,a,b,a,a,a,-,b,b,a,b,a,a,a,b,a,b,a
FD.154L(ab);98,b,a,b,b,a,b,a,a,b,b,b,a,a,b,b,a,a,a,a,b,b,a,a,b,a,a,b,b,a,b,b,a,b,a,b,b,a,a,b,a,a,a,a,b,a,b,b,b,b,b,b,a,b,b,b,b,b,b,a,b,a,b,a,a,b,b,a,b,b,b,a,b,b,a,a,a,a,b,a,a,a,a,b,b,b,b,b,b,a,b,b,b,a,a,a,a,a,b,a,b,b,b,a,b,a,a,a,b,b,b,a,b,a,b,b,a,a,a,b,a,a,b,b,a,a,b,b,b,a,b,a,a,b,b,b,a,a,a,b,a,b,a,b,a,b,a,b,a,a,a,b,b,b,b,b,a,a,b,b,a,b,a
CH.238C(ab);99,b,a,b,b,a,b,a,a,b,a,b,a,a,b,b,b,a,a,a,b,b,a,a,b,a,a,b,b,a,b,b,a,b,a,b,b,a,a,b,a,b,a,a,b,a,b,a,b,b,b,b,a,b,b,b,b,b,b,a,b,a,a,a,a,b,b,a,b,b,a,a,b,b,a,a,a,b,b,a,a,a,b,b,b,a,b,b,b,a,b,b,b,a,a,a,a,a,b,a,b,b,b,a,b,a,a,a,b,b,b,a,b,a,b,b,a,a,a,b,a,a,b,b,b,a,b,b,b,a,b,a,a,b,b,b,a,a,a,b,a,b,a,b,a,b,a,a,a,a,a,b,a,b,b,b,a,a,b,b,b,b,a
SC5(ab);100,b,b,b,b,a,b,a,a,b,a,a,b,a,a,b,b,a,a,a,b,b,a,a,b,a,b,b,b,a,b,a,a,b,a,b,b,a,a,b,a,b,a,b,b,a,b,a,a,a,b,b,b,b,b,b,b,b,b,a,b,a,a,a,a,b,b,a,b,b,a,a,b,b,a,a,a,b,b,a,a,b,b,b,b,b,b,b,b,a,b,b,b,b,a,a,b,a,b,a,b,b,b,a,a,a,a,a,b,b,b,a,b,a,b,b,a,a,a,b,a,a,b,b,b,a,b,b,b,a,b,a,a,b,b,b,a,a,a,b,a,b,a,b,a,b,a,a,b,b,a,a,a,b,b,b,a,a,b,b,b,b,a
CD.329C(ab);101,b,a,b,b,a,b,a,a,b,a,a,b,a,a,b,b,a,a,a,a,b,a,a,b,a,b,b,b,a,a,b,a,b,a,b,b,a,a,b,a,b,a,b,b,a,a,a,a,a,b,b,b,b,a,b,b,b,b,a,b,a,b,a,a,b,a,a,b,b,a,a,b,b,a,a,a,b,a,a,a,a,b,a,b,b,b,b,b,a,b,b,b,b,a,a,b,a,a,a,b,b,b,a,a,b,a,a,b,b,b,a,b,a,b,b,a,a,a,b,a,a,b,b,b,a,a,b,b,a,b,a,a,b,b,b,a,a,a,b,a,b,a,a,a,b,a,a,a,b,a,a,a,b,b,b,a,a,b,a,b,b,a
FD.167L(ab);102,b,a,b,b,a,b,a,a,b,a,a,b,a,a,b,b,a,a,a,a,b,a,a,a,a,b,b,b,a,a,b,a,b,a,a,b,a,b,b,b,b,a,b,b,a,a,a,a,a,a,b,b,b,a,b,b,a,b,a,b,a,b,a,a,b,a,a,b,b,a,a,b,b,a,a,a,b,a,a,a,a,b,a,b,b,b,a,b,a,b,b,b,b,a,a,b,a,a,a,b,b,b,a,a,b,a,a,b,b,b,a,b,a,b,b,a,a,a,b,a,a,b,b,b,a,a,b,b,a,b,a,a,b,b,b,a,a,a,b,a,a,a,a,a,b,a,a,a,b,a,a,a,a,b,b,a,a,b,b,b,b,a
CH.70L(ab);103,b,a,b,b,a,b,a,b,b,a,a,b,a,a,b,a,b,a,a,a,b,a,a,a,a,a,b,b,a,a,a,a,b,a,a,b,a,b,b,b,b,a,b,b,a,a,a,a,a,a,b,b,b,a,b,b,a,b,a,b,a,b,a,a,b,a,a,b,b,a,a,b,b,a,a,a,a,a,a,b,a,b,a,b,b,b,a,b,a,a,b,b,b,a,a,b,a,a,a,b,b,b,a,b,b,a,a,b,b,a,a,b,a,b,a,a,a,a,b,a,a,a,b,b,a,a,b,b,b,b,a,a,b,b,b,b,a,a,b,a,a,a,a,a,a,a,b,a,b,a,a,a,a,b,b,a,a,b,b,b,b,a
HH.159C(ab);104,b,a,b,b,a,b,a,b,b,a,a,a,a,a,b,a,b,a,a,a,b,b,b,a,a,a,b,b,a,a,a,a,b,a,a,b,a,a,b,b,b,a,b,b,a,a,a,a,a,a,b,b,a,a,b,b,a,b,a,b,a,a,a,a,a,a,a,b,b,a,a,b,b,a,a,a,a,a,a,b,a,b,a,b,b,a,a,b,a,a,b,b,b,a,a,b,a,a,a,a,b,b,a,b,b,a,a,b,b,a,a,b,b,b,a,a,a,a,b,a,a,b,b,b,a,a,b,b,b,b,b,a,b,b,b,b,a,a,b,a,a,a,a,a,a,a,b,a,b,a,a,a,a,b,b,a,a,b,b,b,b,a
GB.490C(ab);105,b,a,b,b,a,b,a,b,b,a,a,a,a,a,b,b,b,a,a,a,b,b,b,a,a,a,b,a,a,a,a,a,b,a,a,b,a,a,b,b,b,a,b,b,a,a,a,a,a,a,b,a,a,a,b,b,a,b,a,b,a,b,a,a,a,a,a,b,b,a,a,b,b,a,b,a,a,a,b,b,a,b,a,b,b,a,a,b,a,a,b,b,b,a,a,b,a,a,a,a,b,b,a,b,b,a,b,b,b,a,a,b,a,b,a,a,b,a,b,a,a,a,b,b,a,a,b,b,b,b,b,a,b,a,b,b,a,a,b,a,a,a,a,a,a,a,b,a,b,a,a,b,a,b,b,a,a,b,b,b,b,a
VPMH47(ab);106,b,a,b,b,a,b,a,b,b,a,a,a,a,a,b,b,b,a,a,a,b,b,b,a,a,b,b,a,a,a,a,a,b,a,a,b,a,a,b,b,b,a,b,b,a,a,a,a,a,a,b,a,a,a,b,b,a,b,a,a,a,b,a,a,a,a,a,b,b,a,a,b,b,a,b,b,a,a,b,b,a,b,a,b,b,a,a,b,a,a,b,b,b,a,a,b,a,a,a,a,b,b,a,b,b,a,b,b,b,a,a,b,b,b,a,a,a,a,b,a,a,a,b,b,a,a,b,b,b,b,b,a,b,b,b,b,a,a,b,a,a,a,a,a,a,a,b,b,b,a,a,b,b,b,b,a,a,b,b,b,b,a
VPMH19(ab);107,b,a,b,a,a,b,a,b,b,b,a,a,a,a,b,b,a,a,a,a,a,b,b,a,a,b,b,a,a,a,a,a,b,a,a,b,a,a,b,b,b,a,b,b,a,a,a,a,a,a,b,a,a,a,b,b,a,b,a,a,a,b,b,b,a,a,a,a,b,a,a,b,b,a,b,b,a,a,b,b,a,b,a,b,b,a,a,b,b,a,b,a,b,a,a,b,a,a,a,a,b,b,a,b,b,b,b,b,b,a,b,b,b,b,a,a,a,a,b,a,a,a,a,b,a,a,b,b,b,b,b,a,b,b,b,a,b,a,b,a,a,a,a,a,a,a,b,b,b,a,b,b,b,b,b,a,a,b,b,b,b,a
GB.750C(ab);108,b,a,b,a,b,b,a,b,b,b,a,a,a,a,b,b,a,a,a,a,a,b,b,a,a,b,b,a,a,a,a,a,b,a,a,b,a,a,b,b,b,a,b,b,a,a,a,a,a,a,b,a,a,a,b,b,a,b,a,a,a,b,b,b,a,a,a,a,b,a,a,b,b,a,b,b,a,a,b,b,a,b,a,b,b,a,a,b,b,a,b,a,b,a,a,b,a,a,a,a,b,b,a,b,b,b,b,b,b,a,b,b,b,b,a,a,b,a,b,a,a,a,a,b,a,a,b,b,b,b,b,a,b,a,b,a,b,a,b,a,a,a,a,a,a,a,b,b,b,a,b,b,b,b,b,a,a,b,b,b,b,a
BH.342C(ab);109,b,b,b,a,b,b,a,b,b,b,a,a,a,b,b,b,a,a,a,a,a,b,b,a,a,a,b,a,a,a,a,a,b,a,a,b,a,a,b,b,b,a,b,b,a,a,a,a,a,b,b,a,a,a,b,b,b,b,a,a,b,b,b,a,a,a,a,a,b,b,a,b,b,a,b,b,a,a,b,a,a,a,a,b,b,a,a,b,b,a,b,a,b,b,a,b,a,a,a,a,b,b,a,b,b,b,a,a,b,a,b,a,b,b,a,a,b,a,b,a,a,a,a,a,a,a,b,a,b,b,b,a,b,a,a,a,b,a,b,a,a,a,b,a,b,a,b,b,b,a,b,a,b,b,b,a,a,b,b,b,b,a
FD.207L(ab);110,a,a,a,b,a,a,b,a,a,b,a,b,b,b,b,a,a,a,b,-,a,a,b,a,b,b,b,a,a,b,a,b,a,a,a,b,b,a,a,a,b,b,a,a,b,a,a,b,a,b,a,a,b,a,a,a,a,b,a,b,a,a,a,b,a,a,a,a,b,b,b,b,b,a,b,b,a,b,a,a,b,a,b,a,a,a,b,a,a,a,a,a,b,a,a,a,b,b,b,a,a,b,b,a,a,a,a,a,b,b,a,b,a,b,b,b,b,a,a,a,a,b,b,a,b,a,a,b,a,b,a,a,a,a,b,a,a,b,a,a,b,b,a,b,a,a,a,b,a,b,b,a,a,a,a,b,b,a,a,a,a,-
CH.690C(ab);111,b,a,a,b,a,a,b,a,a,b,a,b,b,b,b,a,a,a,b,b,a,a,b,b,b,b,b,b,a,b,a,b,a,a,a,b,a,a,a,a,b,b,b,a,b,a,a,b,a,b,a,a,b,a,a,a,b,b,b,b,a,a,a,b,a,a,a,a,b,b,b,a,b,a,b,b,a,b,a,a,b,a,b,a,a,a,b,a,a,a,a,a,b,a,a,a,b,b,a,a,a,b,b,a,a,a,a,a,b,b,a,b,a,b,b,b,b,a,a,a,a,b,a,a,b,a,a,b,a,b,a,a,a,a,b,a,a,b,a,a,b,b,a,b,a,a,a,b,a,b,b,a,a,a,a,b,b,a,a,a,a,a
AD.292L(ab);112,b,a,a,b,a,a,b,a,a,b,a,b,b,b,b,a,a,a,b,b,a,a,b,a,b,b,b,b,a,b,a,b,a,a,a,b,a,a,a,a,b,b,b,a,b,a,a,b,a,b,a,a,a,a,a,a,b,a,b,b,a,a,a,b,a,a,a,a,b,a,b,a,b,b,b,b,a,a,a,a,b,a,b,a,a,b,b,a,a,a,a,a,b,a,a,a,b,b,a,a,a,b,a,a,a,a,a,a,b,b,a,b,a,b,b,b,b,-,a,a,a,b,a,a,b,a,b,b,a,b,a,a,a,a,b,a,a,b,a,a,b,b,a,b,a,a,a,b,a,a,b,a,a,a,a,b,b,a,a,a,a,a
BH.144L(ab);113,b,a,a,b,a,a,b,a,a,b,a,b,b,b,b,a,a,a,a,b,a,a,b,a,b,b,b,b,a,b,a,b,a,a,a,b,a,a,a,a,b,b,b,a,b,a,a,b,a,b,a,a,a,a,a,a,b,a,a,a,a,a,a,b,a,a,a,a,b,a,b,a,b,a,b,b,a,a,a,a,b,a,b,a,a,b,b,a,a,a,a,a,b,a,a,-,b,b,a,a,a,b,a,a,a,a,a,a,b,b,a,b,a,b,a,b,b,a,a,a,a,b,a,a,b,a,b,b,a,b,a,a,a,a,b,a,a,b,a,a,b,b,a,b,a,a,a,b,a,a,b,a,a,a,a,b,b,a,a,a,a,a
EC.198L(ab);114,b,a,a,b,a,a,b,b,a,b,a,b,b,b,a,a,a,a,a,b,a,a,b,a,b,b,b,b,a,b,a,a,a,a,a,b,a,a,a,a,a,b,a,a,b,a,a,b,a,b,a,a,a,a,a,a,b,a,a,a,a,a,a,a,a,a,a,a,b,a,b,a,b,a,b,a,a,a,a,a,b,a,b,b,a,b,b,a,a,a,a,a,a,a,a,a,b,a,a,b,a,b,a,a,a,a,a,a,b,b,a,a,a,b,a,b,b,a,a,a,a,b,a,a,b,a,b,a,a,a,a,a,a,a,b,a,a,b,a,a,b,a,a,b,a,a,a,b,a,a,b,a,a,a,a,b,b,a,a,a,a,a
BH.180C(ab);115,b,a,a,b,a,a,b,b,a,b,a,b,b,b,a,a,a,a,a,b,a,a,b,a,b,b,b,b,a,b,a,a,a,a,a,b,a,a,a,a,a,b,a,a,b,a,a,b,a,b,a,a,a,a,a,a,b,a,b,a,a,a,a,a,a,a,a,a,b,b,b,a,b,a,b,a,a,a,b,a,b,a,-,b,a,b,b,a,b,a,a,a,a,a,a,a,b,a,a,b,a,b,a,a,a,a,a,a,b,b,a,a,a,b,a,b,b,a,a,a,a,b,a,a,b,a,b,a,a,a,a,a,a,b,b,a,a,b,a,a,b,a,a,b,a,a,a,b,a,a,b,a,a,a,a,b,b,a,a,a,a,a
BH.107L(ab);116,b,a,a,b,a,a,b,b,a,b,a,b,a,b,a,a,a,b,a,b,a,a,b,a,b,b,b,b,a,b,a,a,a,a,a,b,b,a,a,a,b,b,a,a,b,b,a,b,a,b,a,a,a,a,a,a,b,a,b,a,a,a,a,a,b,a,a,a,b,b,a,a,b,a,b,b,a,a,b,a,a,a,-,b,a,b,b,a,b,a,a,a,b,a,a,a,b,a,b,b,a,b,a,a,a,a,a,a,a,b,a,a,a,b,a,b,b,a,a,a,a,b,a,a,b,a,b,a,a,a,a,a,a,a,a,a,a,b,a,a,a,a,a,b,a,a,b,b,a,a,b,a,a,a,a,b,b,a,b,a,a,a
nga151(ab);117,b,a,a,b,a,a,b,b,a,b,a,a,a,b,a,a,a,b,a,b,a,a,b,a,b,b,b,b,a,b,b,a,a,a,a,b,b,a,a,a,b,b,a,a,b,b,a,b,a,b,a,a,a,a,a,a,b,a,a,a,a,a,a,a,b,a,a,a,b,b,a,a,b,a,a,b,a,a,b,a,a,a,b,b,a,b,b,a,b,a,a,a,b,a,a,a,b,a,b,b,a,b,a,a,a,a,a,a,a,b,a,b,a,b,a,b,b,a,a,a,a,b,a,a,b,a,b,a,a,a,a,a,a,a,a,a,a,b,a,a,a,a,b,b,a,a,b,b,a,a,b,a,a,a,a,b,b,a,a,a,a,a
DF.231C(ab);118,b,a,a,b,a,a,b,b,a,b,a,a,b,b,a,a,a,b,a,b,a,a,b,a,b,b,b,b,a,b,b,a,a,a,a,b,b,a,a,a,a,b,b,a,b,b,a,b,a,b,a,a,a,b,b,a,b,a,a,a,a,a,a,b,b,a,a,a,b,b,a,a,a,a,a,b,a,a,b,a,a,a,b,b,a,b,a,a,b,a,b,a,b,a,a,a,b,a,b,b,a,b,a,a,b,a,b,a,a,b,a,b,a,b,a,b,b,a,a,a,a,a,a,a,b,a,b,a,a,a,a,a,a,a,a,a,b,b,a,a,a,a,b,b,a,a,b,b,a,a,b,a,a,a,a,b,b,a,a,a,a,a
DF.184L(ab);119,b,a,a,b,a,a,b,b,a,b,a,a,b,b,a,a,b,b,a,b,a,b,b,a,b,b,a,b,a,b,b,a,a,a,a,a,b,a,a,a,a,a,b,a,b,b,a,b,a,b,a,a,a,b,b,a,b,a,b,a,a,a,a,b,b,a,a,a,b,b,a,a,a,a,a,b,a,a,b,a,a,a,a,b,b,b,b,a,b,b,b,a,b,a,a,a,b,a,b,b,a,b,a,a,b,a,b,a,a,b,b,a,a,b,a,b,a,a,a,b,a,a,a,a,b,a,a,a,a,a,a,a,a,a,a,a,a,b,a,a,a,a,b,b,a,a,b,b,a,a,b,a,a,a,a,b,b,a,a,a,a,a
GH.473C(ab);120,b,a,a,b,a,a,b,b,a,b,a,a,b,b,a,a,b,b,a,b,a,b,b,a,a,b,a,b,a,b,b,a,a,a,a,a,b,a,b,a,a,a,b,a,b,a,a,b,a,b,a,a,a,b,b,a,b,a,b,a,a,a,a,b,b,a,a,a,b,b,a,a,a,a,a,b,a,a,-,a,a,b,a,b,b,b,b,a,b,b,b,a,b,a,a,b,b,b,b,b,a,b,a,a,b,a,b,a,a,a,b,b,a,b,a,b,a,a,a,b,a,a,a,a,b,a,a,a,a,b,a,a,a,a,a,a,a,b,a,a,a,b,a,b,a,a,b,b,a,b,b,b,a,a,a,b,b,b,a,a,a,a
GH.121L(ab);121,b,a,a,b,b,a,b,a,a,b,a,a,b,b,b,a,a,b,a,b,a,b,b,a,a,b,a,b,b,b,b,a,a,a,a,a,b,a,b,a,a,a,b,a,b,a,a,b,a,b,a,a,b,a,b,a,b,a,b,a,a,a,a,b,b,a,b,a,b,b,a,a,a,a,a,b,a,b,-,a,a,b,a,a,b,b,b,b,b,b,b,a,a,a,a,a,b,b,a,b,a,b,a,a,b,a,b,a,a,a,b,b,a,b,a,b,a,a,a,b,a,a,a,a,b,b,a,a,b,b,b,a,a,a,a,a,a,b,a,a,a,b,a,b,a,a,b,b,a,b,b,b,a,a,a,b,b,b,a,a,a,a
AD.129L(ab);122,b,a,a,b,b,a,b,a,a,b,a,a,b,b,b,a,a,b,a,a,a,b,b,a,a,b,a,b,b,b,b,a,a,a,a,a,b,a,b,a,a,b,b,a,b,a,a,b,a,b,a,a,b,a,b,a,b,a,b,a,a,a,a,b,b,a,b,a,b,b,a,a,a,a,a,b,a,a,b,b,a,b,a,a,b,b,b,b,b,a,b,b,a,a,a,a,-,a,a,b,a,b,a,a,b,a,b,b,a,a,b,b,a,b,a,b,a,-,a,b,a,a,a,a,b,b,a,a,b,b,b,b,a,a,a,a,a,b,a,a,a,a,a,b,a,a,b,b,a,b,b,b,a,a,a,b,b,b,a,a,a,a
HH.480C(ab);123,b,a,a,b,b,a,b,a,a,b,a,a,b,a,b,a,a,b,a,b,a,a,b,a,a,b,a,b,b,b,b,a,a,a,b,a,b,a,b,a,a,b,b,a,b,a,a,b,a,b,a,a,b,a,b,a,b,a,b,a,a,a,a,b,b,a,b,b,b,b,a,a,a,a,a,b,a,a,b,b,a,b,b,a,b,b,b,b,b,a,b,b,a,a,a,a,-,a,a,b,a,b,a,a,b,a,b,b,a,a,b,b,a,b,a,b,a,a,b,b,a,a,a,a,b,a,b,a,b,b,b,b,a,a,a,a,a,b,a,a,a,a,a,a,a,a,b,b,b,b,b,b,a,a,a,b,b,b,a,a,a,a
BH.96L(ab);124,b,a,a,b,b,a,a,a,b,b,-,a,b,a,b,a,a,b,a,b,b,a,b,a,a,a,a,b,b,b,b,a,a,a,b,a,b,a,a,a,a,b,b,a,b,a,a,b,a,b,a,a,b,a,b,a,b,a,b,a,a,a,a,b,b,a,b,b,b,b,a,a,a,a,a,a,b,a,b,b,a,b,a,a,-,b,b,b,b,a,b,a,a,a,a,a,a,a,a,b,a,b,a,a,b,a,a,b,a,a,b,b,b,b,a,b,a,a,b,a,a,a,a,a,a,b,b,a,b,b,b,b,a,a,a,a,a,b,a,a,a,a,a,a,a,a,b,a,b,a,a,a,a,a,a,b,b,b,a,a,a,a
CC.188L(ab);125,b,a,a,-,b,a,a,a,b,b,a,a,b,a,b,a,a,b,a,b,b,a,b,a,a,a,a,b,b,b,b,a,a,a,b,a,b,a,a,a,a,b,b,a,b,a,a,b,a,b,a,a,b,a,b,a,b,a,b,a,a,a,a,b,b,a,b,b,b,b,a,a,a,a,a,a,b,a,b,b,a,b,a,a,-,b,b,a,b,a,b,a,a,a,a,a,a,a,a,b,a,b,a,a,b,a,a,b,a,a,b,b,b,b,b,b,a,a,b,a,a,a,a,a,a,b,b,a,b,b,b,b,b,a,a,a,a,b,a,a,a,a,a,a,a,a,b,a,b,a,a,b,a,a,a,b,a,b,a,a,a,a
GD.239L(ab);126,b,a,a,b,b,a,a,a,b,b,a,a,b,a,b,a,a,b,a,b,b,a,b,a,a,a,a,b,b,b,b,a,a,a,b,b,b,a,a,a,a,b,b,a,b,a,a,b,a,b,a,a,b,a,b,a,b,a,b,a,a,a,a,b,b,a,-,b,b,b,a,a,a,a,a,a,b,a,b,b,a,b,a,a,b,b,b,a,b,a,-,a,a,a,a,a,a,a,a,a,a,b,a,a,a,a,a,b,a,a,b,b,b,b,a,a,b,a,b,a,b,a,a,a,a,b,b,a,b,b,b,a,b,a,a,a,b,b,b,a,a,a,a,b,a,a,b,a,a,a,a,b,a,a,a,b,a,b,a,a,a,a
DF.300C(ab);127,b,a,a,b,b,a,a,a,b,b,a,a,b,a,b,a,a,b,a,b,b,a,b,a,a,a,a,b,b,b,b,a,a,a,b,b,b,a,a,a,a,b,b,a,b,a,a,b,a,b,a,a,b,a,b,a,b,a,b,a,a,a,a,b,b,a,b,b,b,b,a,a,a,a,a,a,b,a,b,b,a,a,a,a,b,b,b,a,b,a,-,a,a,a,a,a,a,a,a,a,a,b,a,a,a,a,a,b,a,a,b,b,b,b,a,a,b,a,b,a,b,a,a,a,a,a,b,a,b,b,b,a,b,a,a,a,b,b,b,a,a,a,a,b,a,a,b,a,a,a,a,b,a,a,a,b,a,b,b,a,a,a
GB.235C(ab);128,a,a,a,b,b,a,b,a,b,b,a,a,b,a,b,a,a,b,a,b,b,a,b,a,a,a,a,b,b,b,b,a,a,a,b,b,b,a,a,a,a,b,b,a,b,a,a,b,a,b,a,a,b,a,b,a,b,a,b,a,a,a,a,b,b,a,b,a,b,b,a,a,a,a,a,a,b,a,b,b,a,a,a,a,b,b,b,a,b,a,-,a,a,a,a,a,a,b,a,a,a,b,a,a,a,a,a,b,a,a,b,b,b,b,a,a,b,a,b,a,b,b,a,a,a,a,b,a,b,b,b,a,b,a,a,a,b,b,b,a,a,a,a,b,a,a,b,a,a,a,a,b,a,a,a,a,a,b,b,a,a,a
CD.179L(ab);129,a,a,a,b,b,a,b,a,b,b,a,a,b,a,b,a,a,b,a,b,b,a,b,b,a,b,a,b,b,b,b,a,a,a,b,b,b,a,a,a,a,b,b,a,b,a,a,b,a,b,a,a,b,a,b,a,b,a,b,a,a,a,a,b,b,a,a,a,b,b,a,a,a,a,a,a,b,a,b,a,a,a,a,a,b,b,b,a,a,a,-,a,a,a,a,a,a,b,a,a,a,b,a,a,a,a,a,b,a,a,b,b,b,b,a,a,b,a,b,a,b,a,a,a,a,a,b,a,b,b,b,a,b,a,a,a,b,b,b,a,a,a,a,b,a,a,b,a,a,a,a,b,a,a,a,a,a,b,b,a,a,a
CH.88L(ab);130,a,a,a,b,b,a,b,a,b,b,a,a,a,a,b,a,a,b,a,b,b,a,b,b,a,b,a,b,b,b,b,a,a,a,b,b,b,a,a,a,a,b,b,a,b,a,a,b,b,b,a,a,b,a,b,a,b,a,b,a,a,a,a,a,b,a,a,a,b,b,a,a,a,a,a,a,b,a,b,a,a,a,a,a,b,b,b,a,a,a,-,a,a,a,a,a,a,b,a,a,a,b,a,a,a,a,a,b,a,a,b,b,b,b,a,a,b,a,b,a,b,a,a,a,a,a,b,a,b,b,b,a,b,a,a,a,b,b,b,a,a,a,a,a,a,a,b,a,a,a,a,b,b,a,a,a,a,b,b,a,a,a
CD.116L(ab);131,a,a,a,b,b,a,b,a,b,b,a,a,a,a,b,a,a,b,a,b,b,a,b,b,a,b,a,b,b,b,b,a,a,a,b,a,b,a,a,a,a,b,a,a,b,a,a,b,b,b,a,a,b,a,b,a,a,a,b,a,a,a,a,a,b,a,a,a,b,b,a,a,a,a,a,a,b,a,b,a,a,a,a,a,b,b,b,a,a,a,-,a,a,a,a,a,a,b,a,a,a,b,a,a,a,a,b,b,a,a,b,b,b,b,a,a,b,a,b,a,b,a,a,a,a,a,b,a,b,b,b,b,b,b,a,a,b,b,b,a,a,a,a,a,a,a,b,a,a,a,a,b,b,a,a,a,a,b,b,a,a,a
EC.151L(ab);132,a,a,a,b,b,a,a,a,b,b,a,a,a,a,b,a,a,b,a,b,b,a,b,b,a,b,a,b,b,b,b,a,a,a,b,a,b,a,a,a,a,b,a,a,b,a,a,b,b,a,a,a,a,a,b,a,a,a,b,a,a,a,a,a,b,a,a,a,a,b,a,a,a,a,a,a,b,a,a,a,a,a,a,a,b,b,a,a,a,a,a,a,a,a,a,a,a,b,a,a,a,a,a,a,a,a,b,a,a,a,b,b,b,b,a,a,b,a,b,a,b,a,a,a,a,a,b,a,b,b,b,a,b,b,a,a,b,a,b,a,a,a,a,a,a,a,b,a,a,a,a,b,b,a,a,a,a,a,b,a,a,a
DFR(ab);133,a,a,a,b,b,a,a,a,b,b,a,a,a,a,b,a,a,b,a,b,b,a,b,b,a,b,a,b,b,b,b,a,a,a,b,a,a,a,a,a,a,b,a,a,b,a,a,b,b,a,b,a,a,a,b,a,a,a,b,a,a,a,a,a,a,a,a,a,a,b,a,a,a,a,a,a,b,a,a,a,a,a,a,a,b,b,a,a,a,a,a,a,a,b,a,a,a,b,a,a,a,a,a,a,a,a,b,a,a,a,b,b,b,b,a,a,b,a,b,a,b,a,a,a,a,a,b,a,b,b,b,a,a,b,a,a,b,a,b,a,a,a,a,a,a,a,b,a,a,a,a,b,b,a,a,a,a,a,b,a,a,a
GD.350L(ab);134,a,a,a,b,a,a,a,a,b,a,a,a,b,a,b,a,a,b,a,b,b,a,b,b,a,b,a,b,b,b,b,a,a,a,b,b,a,a,a,b,a,b,a,a,b,a,a,b,b,a,b,a,a,b,b,a,a,a,b,a,a,a,a,a,a,b,a,a,a,a,b,a,a,a,a,a,b,a,b,a,a,a,a,a,b,b,a,b,b,a,a,b,a,b,a,a,a,b,a,a,a,b,a,a,a,b,b,b,a,a,b,b,b,a,a,a,a,a,a,b,b,a,a,a,a,a,b,a,b,b,b,a,a,b,a,a,b,a,b,a,a,a,a,b,a,a,b,a,a,a,a,b,b,a,a,a,a,a,b,a,a,a
BH.81L(ab);135,a,a,a,b,a,a,a,a,b,a,a,a,b,a,b,a,a,b,a,b,b,a,b,b,a,b,a,b,b,b,b,a,a,a,b,b,b,a,a,b,a,b,a,a,b,a,a,b,b,a,b,a,a,b,b,a,a,a,b,a,a,a,a,a,a,b,a,a,a,a,b,a,a,a,a,a,b,a,b,a,a,a,a,a,b,b,a,b,b,a,a,b,a,b,a,a,a,b,a,a,a,b,a,a,a,b,b,b,a,a,b,b,b,a,a,a,a,a,a,b,b,a,a,a,a,a,a,a,b,b,a,a,a,b,a,a,b,a,b,a,a,a,a,b,a,a,b,a,a,a,a,b,b,a,a,a,a,a,b,a,a,a
HH.445L(ab);136,a,a,a,b,a,b,a,a,b,a,a,a,b,a,b,a,a,b,a,b,b,b,b,b,a,b,a,b,b,b,b,a,a,a,a,b,b,a,a,b,a,b,a,a,b,a,a,b,b,a,b,a,a,b,b,a,a,a,b,a,a,a,a,a,a,b,a,a,a,a,b,a,a,a,a,a,b,a,b,a,a,b,a,a,b,a,a,b,a,a,a,b,a,b,a,a,a,b,a,a,a,b,a,a,b,b,b,b,a,a,b,b,b,a,a,a,a,a,a,b,a,b,a,a,a,b,a,a,b,b,a,a,a,b,a,a,b,a,b,a,a,a,a,b,a,a,b,a,a,a,a,b,b,a,a,a,a,a,b,a,a,b
GD.118C(ab);137,a,a,a,b,a,b,a,a,b,a,a,a,a,a,b,a,a,b,a,b,b,b,b,b,a,b,b,b,b,b,b,a,a,a,a,b,b,a,a,b,a,b,a,a,b,a,a,b,b,a,b,a,a,b,b,a,a,a,b,a,a,a,a,a,a,b,a,a,a,a,b,a,a,a,a,a,b,a,b,a,a,b,a,a,b,a,a,b,a,a,a,b,a,b,b,a,a,b,a,a,a,b,a,a,b,b,b,b,a,a,b,b,b,a,a,a,a,a,a,b,a,b,a,a,a,b,a,a,b,b,a,a,a,b,a,a,b,a,b,a,a,a,a,b,a,a,b,a,a,a,a,b,b,a,a,a,a,a,b,a,a,b
CC.262C(ab);138,a,a,a,-,a,b,a,a,b,a,a,b,a,a,b,a,a,b,a,b,a,b,b,b,a,b,b,b,b,b,b,a,a,a,a,b,b,a,a,b,a,b,a,a,b,b,a,b,b,a,b,a,a,b,b,a,a,a,b,b,a,a,a,a,a,b,a,a,a,a,b,b,a,a,a,a,b,a,b,a,a,b,a,a,b,a,a,b,a,a,b,b,a,b,b,a,a,b,a,a,a,b,a,a,b,b,b,b,a,a,b,b,b,a,a,a,a,a,a,b,a,b,a,a,a,b,a,a,b,b,a,a,a,b,a,a,b,a,b,a,a,a,a,b,a,a,b,a,a,a,a,a,b,a,a,a,a,a,b,a,a,b
GB.102L(ab);139,a,a,a,b,a,b,a,a,b,a,a,b,a,a,b,a,a,b,a,b,a,b,a,b,a,b,b,b,b,b,b,a,a,a,a,b,-,a,a,b,a,b,a,a,b,b,a,b,b,a,b,a,b,b,b,a,a,a,a,b,a,a,a,a,a,b,a,a,a,a,b,b,a,a,a,a,b,a,b,a,a,b,a,a,b,a,a,b,a,a,b,b,a,b,b,a,a,b,a,a,a,b,a,a,b,b,b,a,a,a,b,b,b,a,a,a,a,a,a,a,a,b,a,a,a,b,a,a,b,b,a,a,a,b,a,b,b,a,b,a,a,a,b,b,a,a,b,a,a,a,a,a,b,a,a,a,a,a,b,a,a,b
HH.143C(ab);140,a,a,a,b,a,b,a,a,a,a,a,b,a,a,a,a,a,b,a,b,a,b,a,b,b,a,b,b,b,b,b,a,a,a,a,b,-,a,a,b,a,b,a,a,b,b,a,b,a,a,b,a,b,b,b,a,b,a,a,b,a,b,a,a,a,b,a,b,a,a,b,b,a,a,a,a,b,a,b,a,a,b,a,a,b,b,a,b,a,b,b,b,a,b,b,a,a,b,a,a,a,b,b,a,b,b,b,a,a,a,b,b,b,b,a,a,b,b,a,a,a,b,a,a,a,a,a,a,b,b,a,a,a,b,a,b,b,b,b,a,a,a,a,b,a,a,a,a,a,a,a,a,b,a,a,a,b,a,a,a,a,b
BF.168L(ab);141,a,a,a,b,a,b,a,a,a,a,a,b,a,a,a,a,a,b,a,b,a,b,a,b,b,a,b,b,a,b,b,a,a,a,a,b,-,a,a,b,a,b,a,a,b,b,a,b,a,a,b,a,b,b,b,a,b,a,a,b,a,b,a,a,a,b,a,b,a,a,b,b,a,a,a,a,b,a,b,a,a,b,b,a,b,b,a,b,a,b,b,b,a,b,b,a,b,b,a,a,a,b,b,a,b,b,b,a,a,a,a,b,b,b,a,a,b,b,a,a,a,b,a,a,a,a,a,a,b,b,b,a,a,b,a,b,b,b,b,a,a,a,a,b,a,a,a,a,a,a,a,a,b,a,a,a,b,a,b,a,a,b
DF.119L(ab);142,a,a,b,b,a,a,a,a,a,a,a,b,a,a,a,a,a,b,a,b,a,b,a,b,b,a,b,b,a,b,b,b,a,a,a,b,b,a,a,b,a,b,a,a,b,b,a,b,a,b,b,b,b,b,b,a,b,a,a,b,a,b,a,a,a,a,a,b,a,a,b,b,a,a,a,b,b,a,b,a,a,b,b,a,a,b,a,b,a,b,b,b,a,a,b,a,b,b,a,a,b,b,b,a,b,b,b,a,a,b,a,b,b,b,a,a,b,b,a,a,a,a,a,a,a,a,a,a,b,b,-,a,a,b,a,b,b,b,a,a,a,a,a,b,a,a,a,a,a,a,b,a,b,a,a,a,a,b,b,a,a,b
GD.222C(ab);143,a,a,b,b,a,a,a,a,a,a,a,b,a,a,a,a,a,b,a,b,a,b,a,b,b,a,b,b,a,b,b,b,a,a,a,b,b,a,a,b,a,b,a,a,b,b,a,b,a,b,b,b,b,b,b,a,b,a,a,b,b,b,a,a,a,a,a,b,a,a,b,b,b,a,a,b,b,a,b,a,b,a,b,a,a,b,a,b,a,b,b,b,a,a,a,b,b,b,a,a,b,b,b,a,b,b,b,a,a,b,a,b,b,b,a,a,b,b,a,a,a,a,a,a,a,a,a,a,b,b,-,a,a,b,a,b,b,b,a,a,a,a,a,b,a,a,a,a,a,a,b,a,b,a,a,a,a,b,b,a,a,b
EG.205L(ab);144,a,a,b,b,a,a,a,a,a,a,a,b,b,a,a,a,a,b,a,b,a,b,a,b,b,a,b,b,a,b,b,b,b,a,a,b,b,a,a,b,a,b,a,a,b,a,a,b,a,b,b,b,b,b,a,a,b,a,a,b,b,b,b,a,a,a,a,b,a,a,b,b,b,a,a,b,b,a,b,b,b,a,b,a,a,b,a,b,a,b,b,b,a,a,a,b,b,b,a,a,b,b,a,a,b,b,a,a,a,b,a,a,b,b,a,a,b,b,a,a,a,a,a,a,a,a,a,a,b,b,a,a,a,a,a,b,b,b,b,a,a,a,b,b,a,a,a,a,a,a,b,a,a,a,a,a,a,b,b,a,a,b
