PVV4,a,a,b,a,b,b,a,b,b,b,b,b,a,a,b,a,a,a,a,b,a,b,a,b,a,b,b,b,b,a,a,b,a,b,b,b,b,a,a,b,b,a,b,a,a,a,b,a,b,b,b,b,a,a,a,a,b,a,a,a,b,b,a,b,a,b,a,a,b,b,b,a,b,b,a,a,b,a,b,b,a,a,b,b,b,a,b,a,a,b,a,a,b,b,a,a,a,a,b,a,b,a,a,b,b,b,a,a,b,b,a,a,b,b,b,a,a,a,a,b,a,a,a,b,b,b,b,b,a,a,a,b,b,a,b,a,b,b,a,a,b,b,b,b,b,b,b,a,a,b,a,b,b,b,b,a,a,a,b,b,b,b
CRY2,a,a,b,a,b,b,a,b,b,b,b,b,b,a,b,a,a,a,a,b,a,b,a,b,b,a,b,b,b,a,a,b,a,b,b,b,a,a,a,b,b,a,b,a,a,a,b,a,b,b,b,b,a,a,a,a,b,a,a,a,b,b,a,a,a,b,a,b,b,a,b,a,b,b,a,a,b,a,b,b,a,a,b,b,b,b,b,b,a,b,a,a,b,b,a,a,a,a,b,a,b,a,a,b,b,b,a,a,a,b,a,b,b,b,b,a,a,a,a,b,a,b,a,b,a,b,b,b,a,a,a,b,b,a,b,b,b,b,a,a,b,b,b,b,b,b,b,b,a,b,a,b,b,b,a,a,a,b,b,b,b,b
AXR-1,a,a,b,a,b,b,a,b,b,b,b,b,b,a,b,a,a,a,a,b,a,b,a,b,b,a,b,-,b,a,a,b,a,b,b,a,a,a,a,b,b,a,b,a,a,a,b,a,b,b,b,b,a,a,a,a,b,a,a,a,b,b,a,a,a,b,a,b,b,a,b,a,b,b,a,a,b,a,b,b,a,a,b,b,b,b,b,b,a,b,a,a,b,b,a,a,a,a,b,a,b,a,a,b,b,b,a,a,a,b,a,b,a,b,b,a,a,a,a,b,a,b,a,b,a,b,b,b,a,a,a,b,b,a,b,b,b,b,a,a,b,b,b,b,b,b,b,b,a,b,b,b,b,b,a,a,a,b,b,b,b,b
HH.335C,a,a,a,a,b,b,a,b,b,b,a,b,b,a,b,a,b,a,a,b,a,b,a,b,b,b,b,a,b,b,b,b,a,b,b,a,a,a,a,b,b,a,b,a,a,a,b,a,b,b,b,a,a,a,a,a,b,a,a,a,b,b,a,a,a,b,b,b,b,a,b,a,b,b,a,a,b,a,b,b,a,a,b,b,b,b,b,b,a,b,a,a,b,b,a,a,a,a,b,a,b,a,a,b,b,b,a,a,a,b,a,b,a,b,b,a,a,b,a,b,a,a,a,b,a,b,a,b,a,a,a,b,b,a,b,b,b,b,a,a,b,b,b,b,b,b,a,b,a,b,b,b,b,b,b,a,a,b,b,b,b,b
DF.162L,a,a,a,a,b,b,a,b,b,b,a,b,b,a,b,a,b,a,a,b,a,b,a,b,b,b,b,a,b,b,b,b,a,b,b,a,a,a,a,b,b,a,b,a,a,a,b,a,b,b,b,a,a,a,a,a,b,b,a,a,b,b,a,a,a,b,b,b,b,a,b,a,b,b,a,a,b,a,b,b,a,a,a,b,b,b,b,b,a,b,a,a,b,b,a,a,b,a,b,a,b,a,a,b,b,b,a,a,a,b,a,b,a,b,b,a,a,b,a,b,a,a,a,b,a,b,a,b,a,a,a,b,b,a,b,b,b,b,a,a,b,b,b,b,b,b,a,b,b,b,a,b,b,b,b,a,a,b,b,b,b,a
BH.147L,a,a,a,a,b,b,a,a,b,b,a,b,b,a,b,a,b,a,a,b,a,b,a,b,b,b,b,a,b,b,b,b,a,b,b,a,a,a,a,b,b,a,b,a,a,a,b,a,b,b,b,a,a,a,a,b,b,b,a,a,b,b,b,a,a,b,b,b,b,a,b,a,b,b,a,a,b,a,b,b,a,a,a,b,b,b,b,b,a,b,a,a,b,b,a,a,b,a,b,a,b,a,a,b,b,b,a,a,a,b,a,b,a,b,b,a,a,b,a,b,a,a,a,b,a,b,a,b,a,a,a,b,b,a,b,b,b,b,a,a,b,b,b,b,b,b,a,b,b,b,a,b,b,b,b,a,a,b,b,b,b,a
EC.480C,a,a,a,a,b,b,a,a,b,b,a,b,b,a,b,a,b,a,a,b,a,b,a,b,b,b,b,a,b,b,b,b,a,b,b,a,a,a,a,b,b,b,b,a,a,a,b,a,b,b,b,b,a,a,a,b,b,b,a,a,b,b,b,a,a,b,b,b,b,a,b,a,b,b,a,a,b,a,b,b,a,a,a,b,b,b,b,b,a,b,a,a,b,b,a,a,b,a,b,b,b,a,a,b,b,b,a,a,a,b,a,b,a,b,b,a,a,b,a,b,a,a,a,b,a,b,a,b,a,a,a,b,b,a,b,b,b,b,a,a,b,b,b,b,b,b,a,b,b,b,a,b,b,b,b,a,a,b,b,b,b,a
EC.66C,a,a,a,a,b,b,a,a,b,b,a,b,b,a,b,a,b,a,b,b,a,b,a,b,b,b,b,-,b,b,b,b,a,b,b,a,a,a,a,b,b,b,b,a,a,a,b,a,b,b,b,b,a,a,a,b,b,b,a,a,b,b,b,a,a,b,b,a,b,a,b,a,b,a,a,a,b,b,b,b,b,b,a,a,b,b,b,b,b,b,a,a,b,b,a,a,b,a,a,b,a,b,a,b,b,a,a,a,a,b,a,b,a,b,b,a,a,b,b,b,b,a,a,b,a,b,a,b,a,a,a,b,b,a,b,a,b,b,a,a,b,b,b,b,b,b,b,b,b,b,a,b,b,b,b,b,a,b,b,b,b,a
GD.86L,a,a,a,a,b,b,a,a,b,b,a,b,b,a,b,a,b,a,b,b,a,b,b,b,b,b,b,-,b,b,b,b,a,b,b,a,a,a,a,b,b,b,a,a,a,a,b,a,b,a,b,b,a,a,a,b,b,b,a,a,b,b,b,b,a,b,b,a,b,a,b,a,b,a,a,a,b,b,b,b,b,b,a,a,b,b,b,b,b,a,a,a,b,b,a,a,b,a,a,b,a,b,a,b,b,a,a,a,a,b,a,b,a,b,b,a,a,a,b,b,b,a,a,b,a,b,a,b,a,a,a,b,b,a,b,a,b,b,a,a,b,b,b,b,b,b,b,b,b,b,a,b,b,b,b,b,a,b,b,b,b,a
g2395,b,a,a,a,b,b,a,a,b,b,a,b,b,a,b,a,b,a,b,b,a,b,b,b,b,b,b,a,a,b,b,b,a,a,b,a,a,a,a,b,b,b,a,a,a,a,b,a,b,a,b,b,a,a,a,b,b,b,b,a,b,b,b,b,a,b,b,a,b,a,b,a,b,a,a,a,b,b,b,b,b,b,a,a,b,b,b,b,b,a,a,a,b,a,a,a,b,b,a,b,a,b,a,b,b,a,a,a,a,b,b,b,a,b,b,a,a,b,b,b,b,a,a,b,a,b,a,b,a,a,a,b,b,b,b,a,b,b,a,b,b,b,b,b,b,b,b,b,b,b,a,a,b,b,b,b,a,b,b,b,a,a
CH.160L,a,a,a,a,b,b,a,a,b,b,a,b,b,a,b,a,b,a,b,b,a,b,b,b,b,b,b,a,a,a,b,b,a,-,b,a,a,a,a,b,b,b,a,a,a,a,b,a,b,a,b,b,a,a,a,b,b,b,b,a,b,b,b,b,a,b,b,a,b,a,b,a,b,a,a,a,b,b,b,b,b,b,a,a,b,b,a,b,b,a,a,a,b,a,a,a,b,b,b,b,a,a,b,b,b,a,a,a,a,b,b,b,a,b,b,a,a,b,b,b,b,a,a,a,a,b,a,b,a,a,a,b,b,b,b,a,b,b,a,b,b,a,b,b,b,b,b,b,b,b,a,a,b,b,b,b,a,b,b,b,a,a
AD.121C,a,a,a,a,a,b,b,a,b,b,a,b,b,a,b,a,a,a,b,b,b,b,a,b,b,a,b,a,a,a,a,b,b,a,b,a,a,a,b,a,a,b,a,a,a,a,a,a,b,a,b,b,a,a,a,b,b,b,b,a,b,a,b,b,a,b,b,a,a,a,b,a,b,a,a,a,b,b,b,b,b,b,a,a,b,b,a,b,b,a,a,a,b,a,a,a,a,b,b,a,a,a,b,b,b,b,a,a,a,b,a,b,a,b,b,b,a,-,b,a,b,a,a,a,a,b,a,b,a,a,a,b,b,b,a,a,b,a,b,b,b,b,b,a,b,b,b,b,b,b,b,a,b,b,b,b,b,b,b,b,a,b
AD.106L,a,a,a,a,a,b,b,b,b,b,a,b,a,a,b,a,a,a,b,b,b,b,a,b,b,a,b,a,a,a,a,b,b,a,b,a,a,a,b,a,a,b,a,a,a,a,a,a,b,a,b,b,a,a,a,b,b,b,b,a,b,a,b,b,a,b,b,a,a,a,b,a,b,a,a,a,b,b,b,b,b,b,a,a,b,b,a,b,b,a,a,a,b,a,a,a,a,b,b,a,a,a,b,b,b,b,a,a,a,b,a,b,a,b,b,b,a,-,b,a,b,a,a,a,a,b,a,b,a,b,a,b,b,b,a,a,b,a,b,b,b,b,b,a,b,b,b,b,b,b,b,a,b,b,b,b,b,b,b,b,a,b
GB.112L,a,a,b,a,a,b,b,b,b,b,a,b,a,a,b,a,b,a,a,a,b,b,a,b,b,a,b,a,b,a,a,b,a,a,b,a,a,a,b,a,a,b,b,a,a,a,a,a,a,a,b,b,a,a,a,b,b,b,b,a,b,a,b,b,a,b,b,a,a,a,a,a,a,a,a,a,b,b,b,b,b,b,a,a,b,b,a,b,b,a,a,a,a,a,a,b,a,b,b,b,a,a,b,b,b,b,b,a,a,a,b,b,a,b,b,a,a,b,b,a,b,a,a,a,b,b,b,a,a,b,b,b,a,b,a,a,a,a,b,b,b,b,a,b,b,a,b,b,b,b,b,a,b,b,b,b,b,b,b,b,a,b
BH.106L,a,a,b,a,a,b,b,b,b,b,a,b,a,a,b,a,b,a,a,a,b,b,a,b,b,a,b,a,b,a,a,b,a,a,b,a,a,a,b,a,a,b,b,a,a,a,a,a,a,a,b,b,a,a,a,b,b,b,b,a,b,a,b,b,a,b,b,a,a,a,a,a,a,a,a,a,b,b,b,b,b,b,a,a,b,b,a,b,a,a,a,a,a,a,a,b,a,b,b,b,a,a,b,b,b,b,a,-,a,a,b,b,a,b,b,a,a,b,b,a,b,a,a,a,b,b,b,a,a,b,b,b,a,b,b,a,a,a,b,b,b,b,a,b,b,a,b,b,b,b,b,a,b,b,b,b,b,b,b,b,a,b
GD.97L,a,a,b,a,a,b,b,b,b,b,b,a,a,a,b,a,b,a,b,a,b,b,a,a,b,a,b,a,b,a,a,b,a,b,b,a,a,a,b,a,a,b,b,a,a,a,a,a,a,a,b,b,a,a,a,b,b,b,b,a,b,a,a,b,a,b,b,a,b,a,a,a,a,a,a,a,b,b,b,b,b,b,a,a,b,b,a,b,a,a,a,b,a,a,a,b,a,b,b,b,a,a,b,a,b,b,a,-,a,a,b,b,a,b,b,b,a,b,a,a,b,a,a,a,b,a,b,a,a,b,b,b,a,b,b,a,a,b,b,b,b,b,a,b,b,a,b,b,a,b,b,a,b,b,b,b,b,a,b,b,a,a
DF.93C,a,a,b,a,a,a,b,b,b,b,b,a,a,b,b,a,a,a,b,a,a,b,a,a,a,b,b,a,b,a,a,b,a,b,b,b,a,a,a,a,a,b,b,a,b,a,a,a,a,a,b,b,a,a,a,b,b,b,b,a,b,a,a,b,a,b,b,a,b,b,a,a,a,a,a,a,b,b,b,b,b,b,a,a,b,b,a,b,a,a,a,b,a,a,a,b,a,b,b,a,a,a,b,a,b,a,a,b,a,a,b,a,a,b,b,b,a,b,a,a,b,a,a,a,b,a,b,a,a,b,b,b,b,b,b,b,a,b,b,b,b,b,a,b,b,a,b,b,a,b,b,a,b,b,b,a,b,a,b,a,a,b
CD.108L,a,a,b,a,a,a,b,b,b,b,b,a,a,b,b,a,b,a,b,a,a,b,a,a,a,a,b,a,b,a,a,b,a,b,b,b,a,a,a,a,a,b,b,a,b,a,a,a,a,a,b,b,a,a,a,b,b,b,b,a,b,a,a,b,a,b,b,a,b,a,a,a,a,a,a,a,b,b,b,b,b,b,a,a,b,b,a,b,a,a,a,b,a,a,a,b,a,b,b,b,a,a,b,a,b,b,a,b,a,a,b,b,a,b,b,b,a,b,a,a,b,a,a,a,b,a,b,a,a,b,b,b,a,b,b,a,a,b,b,b,b,b,a,b,b,a,b,b,a,b,b,a,b,b,b,a,b,a,b,a,a,b
DF.85C,a,a,b,a,a,a,b,b,b,a,b,a,a,b,b,a,a,a,b,a,a,b,a,a,a,b,b,a,b,a,a,b,a,b,b,b,a,a,b,a,a,b,b,a,b,a,a,a,a,a,b,b,a,a,a,b,b,b,b,a,b,a,a,b,a,b,b,a,b,b,a,a,a,a,a,a,b,b,b,b,b,b,a,a,b,b,a,b,a,a,a,b,a,a,a,b,a,b,b,a,a,a,b,a,b,a,a,b,a,a,b,a,a,b,b,b,a,b,a,a,b,a,a,a,b,a,b,a,a,b,b,b,b,b,b,b,a,b,b,b,b,b,a,b,b,a,b,b,a,b,b,a,b,b,b,a,b,a,b,a,a,b
FD.59C,a,a,b,a,a,a,b,b,b,a,b,a,a,b,b,a,a,a,b,b,a,b,a,a,b,b,b,a,b,a,a,-,a,b,b,b,a,a,b,a,a,b,b,a,b,a,a,a,a,a,b,b,a,a,a,b,b,b,b,a,b,a,a,b,a,b,b,a,b,b,a,a,a,a,a,a,b,a,b,b,b,b,a,a,b,b,a,b,a,a,a,b,a,a,a,b,a,b,b,a,a,a,b,a,b,a,a,b,a,a,b,a,a,b,b,b,a,b,a,a,b,a,a,a,b,a,b,a,a,b,b,b,b,b,a,b,a,b,b,b,b,b,a,b,a,a,b,b,a,b,b,a,b,b,b,a,b,a,b,a,a,b
BF.206L,a,a,b,a,a,a,b,b,b,a,b,a,a,b,b,a,b,a,b,b,a,b,a,a,b,b,b,a,b,a,a,a,a,b,b,b,a,a,b,a,b,b,a,a,b,a,a,a,a,a,a,b,a,a,a,a,b,b,b,a,a,a,a,b,a,b,a,a,b,b,a,a,b,a,a,a,b,b,b,b,b,b,b,a,b,a,b,b,a,b,a,b,b,a,a,b,a,b,b,a,a,a,b,a,b,a,a,b,a,a,b,a,a,a,b,b,a,b,a,a,b,a,a,a,b,a,b,a,a,b,b,b,a,b,a,b,a,b,b,b,b,b,a,b,a,b,b,b,a,b,b,a,b,b,b,a,b,a,b,a,a,a
CH.200C,a,a,b,a,a,a,b,b,b,a,b,a,a,b,b,a,b,a,b,b,a,b,a,a,b,b,a,a,b,a,a,b,a,b,b,b,a,a,b,a,a,b,a,a,b,a,a,a,a,a,a,a,a,a,a,a,b,b,b,b,a,a,a,b,a,b,a,a,b,b,a,a,b,a,b,a,b,b,b,b,b,b,b,a,b,a,b,b,a,b,a,b,b,a,a,b,a,b,b,a,a,a,a,a,b,a,b,a,a,a,a,a,a,a,b,a,a,b,a,a,b,a,a,a,b,a,b,a,a,b,b,b,a,a,a,a,a,b,b,b,b,a,a,b,a,a,b,a,a,b,b,b,b,b,b,a,b,a,b,a,a,a
DF.260L,a,a,b,a,b,a,b,b,a,a,b,a,a,b,b,a,a,a,b,b,a,b,a,a,b,b,a,a,b,b,a,b,a,b,b,b,a,a,b,a,a,b,a,a,b,a,a,a,a,a,a,a,a,a,a,a,b,a,b,b,a,a,a,b,a,b,a,a,b,b,a,a,b,a,b,a,b,b,b,b,b,b,a,b,b,a,b,b,a,b,a,b,b,a,a,b,a,b,b,a,a,a,a,a,b,a,b,a,a,a,a,a,a,a,b,a,a,b,a,a,a,a,a,a,b,a,b,a,a,b,b,b,a,a,a,a,a,b,b,b,b,a,a,b,a,a,a,a,a,a,b,b,b,b,b,a,b,a,b,a,a,a
EC.88C,a,a,b,a,b,a,b,b,a,a,b,a,a,b,b,a,a,a,b,b,a,b,a,a,b,b,a,a,b,b,a,a,a,b,b,b,a,a,a,a,a,b,a,a,b,a,a,a,a,a,a,a,a,a,a,a,b,a,b,b,a,a,a,b,a,b,a,a,b,b,a,a,b,b,b,a,b,b,b,b,b,b,a,b,b,a,b,b,a,b,b,b,b,a,a,b,a,b,b,a,a,a,a,a,b,a,b,a,a,a,a,a,a,a,b,a,a,b,a,a,a,a,a,a,b,a,b,a,a,b,b,b,a,b,a,a,a,b,b,b,b,a,a,b,a,a,a,a,a,a,b,b,a,b,b,a,b,a,b,a,a,a
DF.408C,a,a,b,a,b,a,b,b,a,a,b,a,a,b,b,a,a,a,b,b,a,a,a,a,b,b,a,a,b,b,a,a,a,b,a,b,a,a,a,a,a,b,a,a,b,a,a,a,b,a,a,a,b,a,a,a,b,a,a,b,a,a,a,b,a,b,a,a,b,a,a,a,b,b,b,a,b,b,b,b,b,b,a,b,b,a,b,b,a,b,b,b,a,a,a,b,a,b,b,a,a,a,a,a,b,a,b,a,a,a,a,a,a,a,b,a,a,b,a,a,a,a,a,a,b,a,b,a,a,b,b,b,a,b,a,a,a,b,b,b,b,a,a,b,a,a,a,a,a,a,a,b,a,b,b,a,b,a,a,a,a,a
HH.375L,a,b,b,b,b,a,b,b,a,b,b,a,a,b,a,a,a,a,a,b,a,a,a,a,b,b,a,a,b,b,a,a,a,b,a,b,b,a,a,a,a,b,a,a,b,a,a,a,b,a,a,a,b,a,a,a,b,a,a,b,a,a,a,b,a,b,a,a,b,a,a,a,b,b,b,a,b,a,b,-,b,b,a,b,b,a,b,b,b,b,b,b,a,a,a,b,b,b,b,a,a,a,a,a,a,a,b,a,a,a,a,a,a,a,b,a,a,a,a,a,a,a,a,a,b,b,b,b,a,b,a,b,a,a,a,a,a,b,a,a,b,a,a,b,b,a,a,a,a,a,a,b,a,b,b,a,b,a,a,a,a,a
CH.215L,a,b,b,b,b,a,b,b,a,b,b,a,a,b,a,a,a,a,a,b,a,a,a,a,b,b,a,a,b,b,a,a,a,b,a,b,b,a,a,b,a,b,a,a,b,a,a,a,b,a,a,a,b,a,a,a,b,a,a,b,a,a,a,b,a,b,a,a,b,a,a,a,b,b,b,a,b,a,b,b,b,b,a,b,b,a,b,b,b,b,b,b,a,a,a,b,b,b,b,a,a,a,a,a,a,a,b,a,b,a,a,a,a,a,b,a,a,a,a,a,a,a,a,a,b,b,b,b,a,b,a,b,a,a,a,a,a,b,a,a,b,a,a,b,b,a,a,a,a,a,a,b,a,b,b,a,b,a,a,a,a,a
BF.116C,a,b,b,b,b,b,b,b,a,b,b,a,a,b,a,a,a,a,a,b,b,a,a,a,b,b,a,a,b,b,a,b,a,b,a,b,b,a,a,b,a,b,a,b,b,a,b,a,b,a,a,a,b,a,a,a,b,a,a,b,a,a,a,b,a,b,a,a,b,a,a,a,a,b,a,a,b,b,b,b,b,b,a,b,b,a,b,b,b,b,b,b,a,a,a,a,a,a,b,a,b,a,a,a,a,b,b,a,b,b,a,a,a,b,b,a,b,a,a,a,a,a,a,a,b,b,b,a,a,b,a,b,a,a,a,a,a,b,a,a,b,a,a,b,b,b,a,a,a,a,b,a,a,b,b,a,b,a,a,a,a,a
GH.157L,a,b,b,b,b,b,b,b,a,b,b,a,a,b,a,a,a,a,a,b,b,b,a,a,b,b,a,b,b,b,a,b,a,b,a,b,b,a,b,b,a,b,a,b,b,b,b,b,b,a,a,a,b,a,a,a,b,a,a,b,a,a,a,b,a,b,a,b,b,a,a,a,a,b,b,a,b,b,-,b,b,b,a,b,b,a,b,b,b,b,a,b,a,a,a,a,a,a,b,b,b,a,a,a,a,b,b,a,b,b,a,a,a,b,b,a,b,a,a,a,a,a,a,a,b,b,b,a,a,b,a,b,a,a,a,a,a,b,a,a,b,a,a,b,b,b,a,a,a,a,b,a,a,b,b,a,b,a,a,a,a,a
CC.318C,b,b,b,-,b,b,b,b,a,b,b,a,a,b,a,a,a,a,a,b,b,b,a,a,a,b,b,b,a,b,a,b,a,b,a,b,b,a,b,b,a,b,a,b,b,b,b,b,b,b,b,a,b,a,a,a,b,a,b,b,a,a,b,b,b,b,a,b,b,b,a,a,b,b,b,a,b,b,b,b,b,b,a,b,b,b,b,b,b,b,a,b,a,a,a,a,b,a,b,b,b,b,a,a,a,b,b,a,b,b,a,a,a,b,b,a,b,a,a,a,a,b,a,a,b,b,b,a,a,b,b,b,a,a,a,a,a,b,a,b,b,a,a,b,b,b,b,a,a,a,b,b,a,b,b,a,b,a,a,a,b,a
CD.173L,b,b,b,b,b,b,b,b,a,b,b,b,b,b,a,a,a,a,a,b,b,b,b,a,b,b,b,b,a,b,a,b,a,b,a,b,b,a,b,b,a,b,a,b,b,b,b,b,b,b,b,a,a,a,b,a,b,a,b,b,a,a,b,b,b,b,a,b,b,b,a,a,b,b,b,a,b,b,b,b,b,b,b,b,b,b,b,b,b,b,a,b,a,a,a,a,b,a,b,b,b,b,a,a,a,b,b,a,b,b,a,a,a,b,b,a,b,a,a,a,a,b,a,a,b,b,b,a,a,b,b,b,a,a,a,a,a,b,a,b,b,a,a,b,b,b,b,b,a,a,b,b,b,b,b,b,b,a,a,a,a,a
FD.90L,b,b,b,b,b,b,b,b,a,b,b,b,b,b,a,a,b,a,a,b,b,b,b,a,b,b,b,b,a,b,a,b,a,b,a,b,b,a,b,a,a,b,b,b,b,b,b,a,b,b,a,a,a,a,b,a,b,a,b,b,a,a,b,b,b,b,a,a,b,b,a,a,a,b,b,a,b,b,b,b,b,b,b,b,b,b,b,b,b,b,a,b,a,a,a,a,b,a,b,b,b,b,a,a,a,b,b,a,b,b,a,a,a,b,b,a,b,a,a,a,a,b,a,a,b,b,b,a,a,b,a,b,a,a,a,a,a,b,a,b,b,a,a,b,b,b,b,b,a,a,b,b,b,b,b,b,b,a,a,a,a,a
CD.227C,b,b,b,a,b,b,b,b,a,b,b,b,b,b,a,a,b,a,a,b,b,b,b,a,b,a,b,b,a,b,a,b,a,b,a,a,b,a,b,a,a,b,b,b,a,b,b,a,b,b,a,a,a,a,b,a,b,a,b,b,a,a,b,b,b,b,a,a,b,b,a,a,a,b,b,a,b,b,b,b,b,b,b,b,b,b,b,a,b,b,a,a,a,a,a,a,b,a,b,b,b,b,a,a,a,b,b,a,b,b,a,a,b,b,b,a,b,a,a,a,b,b,a,a,b,b,b,a,a,b,a,b,a,a,a,a,a,b,a,b,b,a,a,b,b,b,b,b,a,a,a,b,b,a,b,a,b,a,a,a,a,b
HH.360L,b,b,b,a,b,b,b,b,a,b,b,b,a,a,a,a,a,a,a,b,b,b,b,a,b,a,b,b,a,b,a,b,a,b,a,a,b,a,b,a,a,b,a,b,b,b,b,a,b,b,a,a,a,a,b,a,b,b,b,a,a,a,b,b,b,b,a,a,b,b,a,a,a,b,b,a,b,b,b,b,b,b,a,b,b,b,b,a,b,b,a,a,a,a,a,a,b,a,b,b,b,b,b,a,a,b,b,a,b,b,a,a,b,b,b,a,b,a,a,a,b,b,a,a,b,b,b,a,a,b,a,a,b,a,a,a,a,b,a,b,b,a,a,b,a,b,a,b,a,a,a,b,b,a,b,a,b,a,a,a,b,b
AD.156C,a,b,a,a,a,b,a,b,b,a,a,b,a,a,b,b,b,a,a,a,a,a,b,b,b,a,b,a,a,b,b,b,a,b,b,a,a,b,a,a,b,b,a,b,a,b,a,b,b,a,a,a,a,a,a,a,b,b,a,b,b,b,a,b,b,b,a,a,b,b,a,a,a,b,b,b,b,a,b,a,b,a,b,b,a,a,b,a,a,a,b,a,a,b,a,b,a,b,b,b,a,b,b,a,b,b,b,b,b,b,a,b,b,b,a,b,b,-,a,a,a,a,a,b,b,a,a,a,b,a,b,a,b,b,a,b,a,a,a,b,a,b,a,b,a,a,b,a,a,b,b,b,b,b,a,b,a,b,a,a,a,a
BF.325L,a,b,a,a,a,b,a,b,b,a,a,b,b,b,a,b,a,a,a,a,a,a,b,b,a,a,b,b,a,b,b,b,a,b,b,a,a,b,a,a,b,b,a,b,a,b,a,b,b,a,a,b,b,a,b,a,b,b,a,b,b,b,a,b,b,b,a,a,b,b,a,a,a,b,b,b,b,a,b,a,b,a,b,b,a,a,b,a,a,a,a,a,a,b,a,b,a,b,b,b,b,a,b,a,a,b,b,b,a,b,a,b,b,b,a,b,b,a,a,a,a,b,a,a,b,a,a,a,b,a,b,a,b,b,a,b,a,a,a,a,a,b,a,b,b,a,b,b,a,b,b,b,b,b,a,b,b,b,a,a,a,a
GH.580L,b,b,a,a,a,b,a,a,b,a,a,b,a,b,a,b,a,a,a,a,a,a,b,b,a,a,b,b,a,b,b,b,a,b,b,a,a,b,a,b,b,b,b,b,a,b,a,b,b,a,a,b,b,b,b,a,b,b,a,a,a,b,a,a,b,b,a,b,b,b,a,a,a,b,b,b,b,a,-,a,b,a,b,b,a,a,b,a,a,a,a,a,a,a,a,b,a,b,b,b,b,a,b,a,a,b,b,b,a,b,b,b,b,b,a,b,a,a,a,a,a,b,a,a,b,a,a,a,b,a,b,a,b,b,a,b,a,a,a,a,b,b,b,b,b,a,b,a,a,b,b,b,b,b,b,b,a,a,a,a,a,a
CH.610C,b,b,a,a,a,b,a,a,b,a,a,b,a,b,a,b,a,a,a,a,a,a,b,b,a,a,a,b,a,b,b,a,a,b,b,a,a,b,a,b,b,b,a,b,a,b,a,b,b,a,a,b,b,b,b,a,b,b,a,a,a,b,a,a,b,b,a,b,b,b,a,a,a,b,b,b,b,a,b,a,b,a,b,b,a,a,b,a,b,a,a,a,a,a,a,b,a,b,b,b,b,a,b,a,a,b,b,b,a,b,b,b,b,b,a,b,a,a,a,a,a,b,a,a,b,a,a,a,b,a,b,a,a,b,a,b,a,a,a,b,b,b,b,b,b,a,b,a,a,b,b,a,b,b,b,b,a,a,a,a,a,a
EC.495C,b,b,a,a,a,b,a,a,b,a,a,b,a,b,a,b,a,a,a,a,a,a,b,b,a,a,a,b,a,b,b,a,a,b,b,a,a,b,a,b,b,b,b,b,a,b,b,b,a,a,a,b,b,b,b,a,b,b,a,a,a,b,a,a,b,b,a,b,b,b,a,a,a,b,b,b,b,a,b,a,b,a,b,b,a,a,b,a,b,a,a,a,a,a,a,b,a,b,b,b,b,a,b,a,a,b,b,b,a,b,b,b,b,b,a,b,a,a,a,a,a,b,a,a,b,a,a,a,b,a,b,b,a,b,a,b,a,a,a,b,b,b,b,b,b,a,b,a,a,b,b,a,b,b,b,b,a,a,a,a,a,a
FD.81L,b,b,a,a,a,b,a,a,b,a,a,a,b,b,a,b,a,a,a,a,a,a,b,b,a,a,a,b,a,b,b,a,a,b,b,a,a,b,a,b,b,b,b,b,a,b,b,b,a,a,a,b,b,b,b,b,b,b,a,a,a,b,a,a,b,b,a,b,b,b,a,a,a,b,b,b,b,a,b,a,b,b,b,b,a,a,b,a,b,a,a,a,a,a,a,b,a,b,b,a,b,a,b,a,a,b,b,b,a,b,b,b,b,b,a,b,a,a,a,a,a,b,a,a,b,a,a,a,b,a,b,b,a,b,a,b,a,a,a,b,b,b,b,b,b,a,b,a,a,b,b,a,b,b,b,b,a,a,a,a,a,a
BF.105C,b,b,a,a,a,b,a,a,b,a,a,a,b,b,a,b,a,a,a,a,a,a,b,b,a,a,a,b,a,b,a,a,a,b,b,a,a,b,a,b,b,b,b,b,a,b,b,b,a,a,a,b,b,b,b,b,b,b,a,a,a,b,a,a,b,b,a,b,b,b,a,a,a,b,b,b,b,a,b,a,b,b,b,b,a,a,b,a,b,a,a,a,a,a,a,b,a,b,b,a,b,a,b,a,a,b,b,b,a,b,b,b,b,b,a,b,a,a,a,a,b,b,a,a,b,a,a,a,b,a,b,b,a,b,a,b,a,a,a,b,b,b,b,b,b,a,b,a,a,b,a,a,b,b,b,b,a,a,a,a,a,a
CH.284C,b,b,a,a,a,b,a,b,b,a,a,a,b,b,b,b,a,a,a,a,a,a,b,b,a,a,a,b,a,b,a,a,a,b,b,a,a,b,a,b,b,b,b,b,a,b,b,b,a,a,a,b,b,b,b,a,b,a,a,a,a,b,a,a,b,b,a,b,b,b,a,a,a,b,b,b,b,a,b,a,a,b,b,b,a,a,b,a,b,a,a,a,a,b,a,b,a,b,b,a,b,a,b,a,a,b,b,b,a,b,b,b,b,b,a,b,a,a,a,a,b,b,a,a,b,a,a,a,b,a,b,b,a,a,a,b,a,a,a,b,b,b,b,b,b,a,b,a,a,b,a,a,b,a,b,b,a,a,a,a,b,a
FD.222L,b,b,a,a,a,b,a,b,b,a,a,a,b,b,b,b,a,a,b,a,a,a,b,b,a,a,a,a,a,b,a,a,a,b,a,a,b,b,a,b,b,b,b,b,a,b,b,b,a,a,a,b,b,a,b,a,b,a,a,a,a,a,a,b,b,b,a,b,b,b,a,a,a,b,b,b,b,a,b,a,b,b,b,a,a,a,b,a,b,a,a,a,a,b,a,b,a,b,b,a,b,a,b,a,a,b,b,a,a,b,b,b,b,b,a,a,a,a,a,a,b,b,a,a,b,a,a,a,b,a,b,b,a,a,a,b,a,a,a,b,a,b,b,b,b,a,b,a,a,b,a,a,b,a,b,b,a,a,b,a,b,a
EG.66L,b,b,a,a,a,b,a,a,b,a,a,a,b,b,b,b,a,a,b,a,a,a,b,b,a,a,a,a,a,b,a,a,a,b,a,a,b,b,a,b,b,b,b,b,a,b,b,b,a,a,a,b,b,a,b,a,b,a,a,a,a,a,a,b,b,b,a,b,b,b,a,a,b,b,a,b,b,a,b,a,b,b,a,a,a,a,b,a,b,a,a,a,a,b,a,b,a,b,b,a,b,a,b,a,a,b,b,a,a,b,b,b,b,b,a,a,a,a,a,a,b,b,a,a,b,a,b,a,b,a,b,b,a,a,a,b,a,a,a,a,a,b,b,b,b,a,b,a,a,a,a,a,b,a,b,b,a,a,b,a,b,a
CH.65C,b,b,a,a,a,b,a,a,b,a,a,a,a,b,b,b,a,a,b,a,a,a,b,b,a,a,a,a,a,b,a,a,a,a,a,a,b,b,a,b,b,b,b,b,a,b,b,b,a,a,a,b,b,a,b,a,b,a,a,a,a,a,a,a,b,b,a,b,b,b,a,a,b,b,a,b,b,b,b,a,b,b,a,a,a,a,b,a,b,a,a,a,a,b,a,b,a,b,b,a,b,a,b,a,a,b,b,a,a,b,b,b,b,b,a,a,a,a,a,a,b,b,a,a,b,a,b,a,b,a,b,a,a,a,a,b,a,a,a,a,a,b,b,b,b,a,b,a,a,a,a,a,b,b,b,b,a,a,b,a,b,a
BF.221L,b,b,a,a,a,b,a,a,b,a,b,a,a,b,b,b,a,a,b,a,a,a,b,b,a,a,a,a,a,b,a,b,a,a,a,a,b,b,a,b,b,b,b,b,a,b,b,b,a,a,a,b,b,a,b,a,a,a,a,a,a,a,a,a,a,b,a,b,b,b,a,a,b,b,a,b,b,b,b,a,b,b,a,a,a,b,b,a,a,a,a,a,a,a,b,b,a,b,b,a,b,a,b,a,a,b,b,a,b,b,b,b,b,b,a,a,a,a,a,a,b,b,a,a,b,a,b,a,b,a,b,a,b,b,a,b,a,a,a,a,a,b,b,a,b,a,b,a,a,a,a,a,b,b,b,b,a,a,b,a,b,a
FD.85C,b,b,a,a,a,b,a,a,b,a,b,a,a,b,b,b,a,a,b,a,a,a,b,b,a,a,a,a,a,b,a,b,a,a,a,a,b,b,a,b,b,b,b,b,a,b,b,b,b,a,a,b,b,a,a,a,a,a,a,a,a,a,a,a,a,b,a,b,b,b,a,a,b,b,a,b,b,b,b,a,b,b,a,a,a,a,b,a,a,a,a,a,a,a,b,b,b,b,b,a,b,a,a,a,a,a,b,a,b,b,b,a,b,b,a,a,a,a,a,b,b,b,a,b,a,a,b,a,b,a,b,a,b,b,a,b,a,b,a,a,a,b,b,a,b,a,b,a,a,a,a,a,b,b,b,a,a,a,b,a,b,a
GB.150L,b,a,a,a,a,b,a,a,b,a,b,a,a,b,b,b,a,a,b,a,a,a,b,b,a,a,a,a,a,b,a,b,a,a,a,a,b,b,a,b,b,b,b,b,a,b,b,b,b,a,a,b,b,a,a,a,a,a,b,a,b,a,a,a,a,b,a,b,b,b,a,a,b,b,a,b,b,b,a,a,b,b,a,a,b,a,b,a,a,a,a,a,b,a,b,b,b,b,b,a,b,a,a,a,a,a,b,a,b,b,b,a,b,b,a,a,a,a,a,b,b,b,a,b,a,a,b,a,b,a,b,a,b,b,a,b,a,b,a,a,a,b,b,a,b,a,b,a,a,a,b,a,b,a,b,a,a,a,b,a,b,a
FD.150C,b,a,a,a,a,b,a,a,a,a,b,a,a,b,b,b,a,a,b,a,a,a,b,b,a,a,a,a,a,b,a,b,a,a,a,b,b,b,a,b,a,b,b,b,a,b,b,b,b,a,a,b,b,a,a,a,b,a,b,a,b,a,a,a,a,b,a,b,b,b,a,a,b,b,a,b,b,b,a,a,b,b,a,a,b,a,b,a,a,a,a,a,b,a,b,b,b,b,b,b,b,a,a,a,a,a,b,a,b,b,b,a,b,b,a,a,a,a,a,b,b,b,a,b,a,a,b,a,b,a,b,a,a,b,a,b,a,b,a,a,a,b,b,a,b,a,b,a,a,a,b,a,a,a,b,a,a,a,b,a,b,a
GD.460L,b,a,a,a,a,b,a,a,a,b,b,a,a,b,b,b,a,a,b,a,a,a,b,b,b,a,a,a,a,b,a,b,a,a,a,b,b,b,a,b,a,b,b,b,a,b,b,b,b,a,a,b,b,a,a,a,a,a,b,a,b,a,b,a,a,b,a,b,b,b,a,a,b,b,a,b,b,b,a,a,b,a,a,a,b,a,b,a,a,a,a,a,b,a,b,b,b,b,b,b,b,a,a,a,a,a,b,a,b,b,b,a,b,a,a,a,a,a,a,b,b,b,a,b,a,a,b,a,b,a,b,a,a,b,a,a,a,b,a,a,a,b,b,a,b,a,b,a,a,a,b,a,a,a,b,a,a,a,b,a,b,a
Erecta,b,a,a,a,a,b,a,a,a,b,b,a,a,b,b,b,a,a,b,a,a,a,b,b,b,a,a,a,a,b,a,b,b,a,a,b,b,b,a,b,a,b,b,b,a,b,b,b,b,a,a,b,b,a,a,a,a,a,b,a,b,a,b,a,a,b,a,b,b,b,a,a,b,b,b,b,b,b,b,a,b,a,a,a,b,a,b,a,a,a,a,a,b,a,b,b,b,b,b,b,b,a,a,b,a,a,b,a,b,b,b,a,b,a,a,a,a,a,a,b,b,b,a,b,a,a,b,a,b,a,b,a,a,b,a,a,a,b,a,a,a,b,b,a,b,a,b,a,a,a,b,a,a,a,b,a,a,a,b,a,b,a
BH.195L,b,a,a,a,a,b,a,a,a,b,a,a,a,b,b,b,a,a,b,a,a,a,b,b,b,a,a,a,b,b,a,b,b,a,a,a,a,b,a,b,a,a,a,b,a,b,b,b,b,a,a,b,b,a,a,a,a,a,b,a,b,a,b,a,a,b,a,b,b,b,b,a,b,b,b,b,b,b,b,a,b,a,a,a,b,a,b,a,a,a,a,a,b,a,b,b,b,b,b,b,b,a,a,b,a,a,b,a,b,b,b,a,a,b,a,a,a,a,a,b,b,b,b,b,a,b,b,a,b,a,b,a,a,b,a,a,a,b,a,a,a,a,b,a,b,a,b,a,a,a,b,a,a,a,b,a,a,a,b,a,b,b
GH.247L,b,a,a,a,a,b,a,a,a,b,a,a,a,b,b,b,a,a,b,b,a,a,b,b,b,a,a,a,b,b,a,a,b,a,a,a,a,b,a,b,a,a,a,b,a,b,b,b,b,a,a,b,b,a,a,a,a,a,b,a,b,a,b,a,a,b,a,b,b,b,b,a,b,b,b,b,b,b,-,a,b,a,a,a,b,a,b,b,a,a,a,a,b,a,b,b,b,b,b,b,b,a,a,b,a,a,b,a,b,b,a,a,a,b,a,a,a,b,a,b,b,b,b,b,a,b,b,a,b,a,b,a,a,b,a,a,a,b,a,a,a,a,b,a,a,a,b,a,a,a,b,a,a,a,b,a,a,a,b,a,a,b
BH.120L,b,a,a,a,a,b,a,a,a,b,a,a,a,b,b,b,a,a,b,b,a,a,b,a,b,a,a,a,b,b,a,a,b,a,a,a,a,b,a,b,a,a,a,b,a,b,b,b,b,a,a,b,b,a,b,a,a,a,b,a,b,a,a,a,a,a,a,b,b,b,b,a,b,b,b,b,b,b,b,a,b,a,a,a,b,a,b,b,b,a,a,a,b,a,b,b,b,b,a,b,b,b,a,b,a,b,b,a,b,b,a,a,a,b,a,a,a,b,a,b,b,b,a,b,a,b,b,a,b,a,b,a,a,b,a,a,a,b,a,a,a,a,b,a,a,a,b,a,a,a,b,a,a,a,b,a,a,a,b,a,a,b
DF.140C,b,b,a,a,a,b,a,a,a,b,a,a,a,b,b,b,a,a,b,b,a,a,b,a,a,a,a,a,b,b,a,a,a,a,a,a,a,b,a,b,a,a,a,b,a,b,b,b,b,a,a,b,b,a,b,a,a,a,b,a,b,a,a,a,a,a,a,b,b,b,a,a,a,b,b,b,a,b,b,a,b,a,a,a,a,a,b,b,b,a,a,a,b,a,b,b,b,a,a,b,b,b,a,b,a,b,b,a,b,b,a,a,a,b,a,b,a,b,a,b,b,b,a,b,a,b,b,a,b,a,b,a,a,b,a,a,a,b,a,a,a,a,b,a,a,a,a,a,b,a,a,a,a,a,b,a,a,a,b,a,a,b
T2N18,b,b,a,a,a,b,a,a,a,b,a,a,a,b,b,b,a,a,b,b,a,a,b,a,a,a,a,a,b,b,a,a,a,a,a,a,a,b,a,b,a,a,a,b,a,b,a,b,b,a,a,b,b,a,b,a,a,a,b,a,b,a,a,a,a,a,a,b,b,b,a,a,a,b,b,b,a,b,b,a,b,a,a,a,a,a,b,b,b,a,a,a,b,a,b,b,b,a,a,a,b,b,a,b,a,b,b,a,b,b,a,a,a,b,a,b,a,b,a,a,b,b,a,b,a,b,b,a,b,a,b,a,a,b,a,a,a,b,a,a,a,a,b,a,a,a,a,a,b,a,a,a,a,b,b,a,a,a,b,a,a,b
T6A23,b,b,a,a,a,b,a,a,a,b,a,a,a,a,b,b,a,a,b,b,a,a,b,a,a,a,a,a,b,b,a,a,a,a,a,a,a,a,a,b,a,a,a,b,a,b,a,b,b,a,a,b,b,a,b,a,a,a,b,a,b,a,a,a,a,a,a,b,b,b,a,a,a,a,b,b,a,b,b,a,b,a,a,a,a,a,b,b,b,a,a,a,b,a,b,b,b,a,a,b,a,b,a,b,a,b,b,a,b,b,a,a,a,b,a,a,a,b,a,a,b,b,a,a,a,b,a,a,b,b,b,a,a,a,a,a,a,b,a,a,a,a,b,a,a,a,a,a,b,a,a,a,a,b,b,a,a,a,b,a,a,b
EG.357C,a,b,a,a,a,b,a,a,a,b,a,a,a,a,b,b,a,a,b,b,a,a,b,a,b,a,a,a,b,b,a,a,a,a,a,b,a,a,a,b,a,a,a,b,a,b,a,b,b,a,a,b,b,a,b,b,a,a,b,a,b,a,a,a,a,a,a,b,a,b,a,a,a,a,b,a,a,b,a,a,b,b,a,a,a,a,b,b,b,a,a,a,b,a,a,b,b,a,a,b,a,b,a,b,a,b,b,a,b,b,a,a,a,b,a,a,a,b,a,a,a,b,a,a,a,b,a,a,b,b,b,a,a,b,a,a,a,b,a,a,a,a,b,a,a,a,a,a,b,b,a,a,a,b,b,a,a,a,b,a,a,b
F4I1,b,b,a,a,a,b,a,a,a,b,a,a,a,a,b,a,a,a,b,b,a,a,b,a,b,a,a,a,b,b,a,a,b,a,a,b,a,a,a,b,a,a,a,b,a,b,a,b,a,a,a,b,b,a,b,b,a,a,b,a,b,a,b,b,a,a,a,b,a,b,a,a,a,a,b,a,a,b,a,a,b,b,a,a,a,a,b,b,b,a,a,a,b,a,a,b,b,a,a,b,a,b,a,b,a,b,b,a,b,b,a,a,a,b,a,a,a,b,a,a,a,b,a,a,a,a,a,a,b,b,b,a,b,b,a,a,a,b,a,b,a,a,b,b,a,a,a,b,b,b,a,a,a,b,a,a,a,a,b,a,a,b
MSAT2.22,b,b,a,a,a,b,a,a,b,a,a,a,a,a,b,b,a,a,b,b,a,a,b,a,a,a,a,a,b,b,a,a,b,a,a,b,b,a,a,b,a,a,a,b,a,a,a,b,a,a,a,b,a,a,b,b,a,a,b,a,b,a,a,b,a,a,a,b,a,b,a,a,a,a,b,a,a,b,a,a,b,b,a,a,a,a,b,b,b,b,a,a,b,a,a,b,a,a,a,b,a,b,a,b,a,b,b,a,b,a,b,a,a,b,a,a,a,b,a,a,a,b,a,a,a,a,b,a,b,b,b,a,b,b,b,a,a,b,a,b,b,b,b,b,a,a,b,b,b,b,a,a,a,b,a,a,a,a,b,a,a,b
DF.77C,b,b,a,a,a,b,a,b,a,b,b,b,a,b,a,a,a,a,b,a,a,a,b,b,b,b,a,b,b,a,a,b,a,b,b,a,b,a,a,a,a,b,b,a,b,a,a,b,b,a,a,a,a,a,a,b,a,a,a,a,a,b,b,b,a,b,b,b,a,b,a,a,a,a,a,a,b,a,a,a,a,b,a,b,a,b,b,a,b,b,b,a,a,b,a,a,a,a,a,a,b,b,a,a,a,b,a,a,b,b,a,a,a,a,b,a,a,b,b,b,b,b,a,b,a,a,b,b,a,a,a,a,a,a,b,b,b,b,b,a,b,a,a,a,a,b,a,b,a,a,a,a,a,a,a,b,a,a,a,a,b,a
GB.120C,b,b,a,a,a,b,a,a,a,b,b,b,a,b,a,a,a,a,b,a,a,a,b,b,b,b,a,b,b,a,a,b,a,b,b,a,b,a,a,a,a,b,b,a,b,a,a,a,b,a,a,a,a,a,a,a,a,a,a,a,a,b,b,b,a,b,b,a,a,b,a,a,a,a,a,a,b,a,a,a,a,b,a,b,a,b,b,a,b,b,b,a,b,b,a,a,a,a,a,a,b,b,a,a,a,b,a,b,b,b,a,a,a,a,b,a,a,b,b,b,b,b,a,b,a,a,b,b,a,a,a,a,a,a,a,b,b,b,b,a,b,b,a,a,a,b,a,b,a,a,a,a,a,a,a,b,a,a,a,a,b,a
EG.75L,b,b,a,a,a,b,a,a,a,b,a,b,a,b,a,a,a,a,b,a,a,a,b,b,b,b,a,b,b,a,a,b,a,a,b,a,b,a,a,a,a,b,b,b,a,a,a,a,b,a,a,a,a,a,a,a,a,a,a,a,a,b,b,b,a,a,b,a,a,b,a,a,a,a,a,a,b,a,a,b,a,b,a,b,a,b,b,a,b,a,a,a,b,b,a,a,a,a,a,a,b,b,a,a,a,-,a,a,b,b,a,b,a,a,b,a,a,b,b,b,b,b,a,b,a,a,-,b,a,a,a,a,a,a,a,a,b,b,a,a,b,b,a,a,a,b,a,b,a,a,a,a,a,a,a,b,a,a,a,b,b,a
CH.322C,b,b,a,a,a,b,a,a,a,b,a,b,a,b,b,a,a,a,b,a,a,a,b,b,b,b,a,b,b,a,a,b,a,a,b,a,b,a,a,a,a,b,b,b,a,a,a,a,b,a,a,a,a,a,a,a,a,a,a,a,a,b,b,b,a,a,b,a,a,a,a,a,a,a,a,a,b,a,a,b,a,b,a,b,a,b,b,a,b,a,a,a,b,a,a,a,a,a,a,a,b,b,a,a,a,-,a,a,a,b,a,b,a,a,b,a,a,b,b,b,b,b,a,b,a,a,b,b,a,a,a,a,a,a,a,a,b,b,a,a,b,b,a,a,a,b,a,b,a,a,a,a,a,a,a,b,a,a,a,b,b,a
FD.111L,b,b,-,a,a,b,a,a,a,b,b,b,a,b,b,a,a,a,b,a,a,a,b,b,b,b,a,b,b,a,b,b,a,a,b,a,b,a,a,a,a,b,b,b,a,a,a,a,b,a,a,a,a,a,a,a,a,a,a,a,a,b,b,b,a,a,b,a,a,a,a,a,a,a,a,a,b,a,a,b,a,b,a,a,a,b,b,a,b,a,a,a,b,a,a,a,b,a,a,b,a,b,a,a,a,b,a,b,a,b,a,b,a,a,b,a,a,b,b,b,b,b,a,a,a,a,b,b,a,a,b,a,a,a,a,a,b,b,a,a,b,b,a,a,a,b,a,b,a,a,a,a,a,a,a,b,a,a,a,b,b,a
CC.266L,b,b,b,-,a,b,a,a,a,b,b,b,a,b,b,a,a,a,a,a,a,a,b,b,b,b,a,a,b,a,b,b,a,a,b,a,b,a,a,a,a,b,b,b,a,a,a,a,a,a,a,b,a,a,a,a,a,a,a,a,a,b,b,a,a,a,b,a,a,a,b,a,a,a,a,a,b,a,a,b,a,b,a,a,a,b,b,a,b,a,a,a,b,a,a,a,b,a,a,b,a,b,a,a,a,b,a,b,b,b,a,b,a,a,a,a,a,b,b,b,b,b,a,a,a,a,b,b,a,a,b,a,a,a,a,a,b,b,a,a,b,b,a,b,a,b,a,b,a,a,a,a,a,a,a,b,a,a,a,a,b,a
BH.88C,b,b,b,a,a,b,a,a,b,b,b,b,a,b,b,a,-,a,a,a,a,a,b,b,b,b,a,a,b,a,b,b,a,a,b,a,b,a,a,a,a,b,b,b,a,a,a,a,a,a,a,b,a,a,a,a,a,a,a,a,a,b,b,a,a,a,b,a,a,a,b,a,a,a,a,a,a,a,a,b,b,b,a,a,a,b,b,a,b,a,a,a,b,b,a,a,b,b,b,b,a,b,a,a,a,b,a,b,a,b,a,b,a,a,a,a,a,b,b,b,b,b,a,a,a,b,b,b,a,a,b,a,a,a,a,a,b,b,a,a,a,b,a,b,a,b,a,b,a,a,a,a,a,a,a,b,a,a,a,a,b,a
GH.226C,a,b,b,a,a,b,a,a,b,b,b,a,a,b,b,a,b,a,a,a,a,a,b,b,b,a,a,a,b,a,b,b,a,a,b,a,b,a,a,a,a,b,b,b,a,a,b,a,a,a,a,b,a,a,a,a,a,a,a,a,a,a,-,a,a,a,b,a,a,a,b,a,a,a,a,a,a,a,-,b,b,b,a,a,a,b,b,a,b,a,a,a,b,a,a,a,b,b,b,b,a,b,a,a,a,a,a,b,a,b,a,b,a,a,a,b,a,b,b,a,b,b,a,a,a,b,b,b,a,a,b,a,a,a,a,a,b,b,a,a,a,b,a,a,a,b,a,b,a,a,a,a,a,a,a,b,a,a,a,a,b,a
EC.83C,a,b,b,a,a,b,a,a,b,b,b,a,a,b,b,a,b,a,a,a,a,a,b,b,b,a,a,a,b,a,b,b,a,a,a,a,a,a,a,a,a,b,a,b,a,a,b,a,a,a,a,b,a,a,a,a,a,a,a,a,a,a,-,a,a,a,b,a,a,b,b,a,a,a,a,a,a,b,a,b,b,b,a,b,a,b,b,a,b,b,a,a,b,a,a,a,b,b,b,b,a,b,a,a,a,a,a,b,a,b,a,b,a,a,a,b,b,b,b,a,b,a,a,a,a,b,b,b,a,a,b,a,a,a,a,b,b,b,a,a,a,b,a,a,a,b,a,b,b,a,a,a,a,a,a,b,a,a,a,a,b,a
GD.318C,a,a,b,a,a,b,a,a,b,b,b,a,a,b,b,a,b,a,a,a,a,a,b,b,a,a,a,a,b,a,a,b,a,a,a,a,a,a,b,b,a,b,a,b,a,a,b,a,a,a,b,b,a,a,a,a,a,a,a,a,a,a,a,a,a,a,b,a,a,b,b,a,a,a,a,a,a,b,a,b,b,b,a,b,a,b,b,a,b,b,a,a,b,a,a,a,b,b,b,b,a,b,a,a,a,a,a,b,a,b,a,b,-,a,a,b,b,b,b,a,b,a,a,a,a,b,b,b,a,a,b,a,a,a,a,b,b,b,a,a,a,b,b,a,a,b,a,b,b,a,a,a,a,a,a,b,a,a,a,a,b,a
AD.92L,a,a,b,a,a,b,a,a,b,a,b,a,a,a,b,a,b,a,a,a,a,a,b,b,a,a,a,a,b,a,a,b,a,a,a,a,a,a,b,b,a,b,a,a,a,a,b,a,a,a,b,b,b,b,a,a,a,a,a,a,a,a,a,a,a,a,b,a,a,b,b,a,b,a,a,b,a,b,a,b,b,b,a,b,a,b,b,a,b,b,a,a,b,a,a,a,b,b,b,b,a,b,a,a,a,a,a,b,a,b,a,b,-,a,a,b,b,-,b,a,b,a,a,a,a,b,b,b,a,a,b,a,a,a,a,b,b,b,a,a,a,a,b,a,a,b,a,b,b,a,a,a,a,a,a,b,a,a,a,a,b,a
BF.148C,a,a,b,b,a,b,a,a,b,a,b,a,a,a,a,a,a,a,a,a,b,a,b,b,a,a,a,a,b,a,a,b,a,b,a,a,a,b,a,b,a,b,a,a,a,a,b,a,a,a,b,b,b,b,a,a,a,a,a,a,a,a,a,a,a,a,b,a,a,b,b,a,b,a,a,b,a,b,a,b,b,b,a,b,a,b,b,a,b,b,a,a,b,a,a,a,b,b,b,b,a,a,a,a,a,a,a,b,a,b,a,a,b,a,a,b,a,b,b,a,-,a,a,a,a,b,b,b,a,a,b,a,a,a,a,b,b,b,a,a,a,a,b,a,a,b,a,b,b,a,a,a,a,a,a,b,a,a,a,a,a,a
CD.800C,a,a,a,b,a,b,b,a,b,a,b,a,a,a,a,a,a,b,a,a,a,a,b,b,a,a,a,a,b,a,a,b,a,b,a,a,a,b,a,b,a,b,a,a,a,a,b,a,a,a,b,b,b,b,a,a,a,a,a,a,a,a,b,a,b,a,b,a,a,b,b,a,b,a,a,b,a,b,a,b,b,b,a,b,a,b,b,a,b,b,a,a,b,a,a,a,b,b,b,b,a,a,-,a,a,a,a,b,a,b,a,a,b,a,a,b,a,a,b,a,a,a,a,a,a,b,b,b,a,a,b,a,a,b,a,a,b,b,a,a,a,a,b,a,a,b,a,b,b,a,a,a,a,b,a,b,a,a,a,a,a,a
BF.134C,a,a,a,b,a,b,b,a,b,a,b,a,a,a,a,a,a,b,a,b,a,a,b,b,a,a,a,a,b,a,a,b,a,b,a,a,a,b,a,b,a,b,a,a,a,a,b,a,a,a,b,b,b,b,b,a,a,a,a,a,a,a,b,a,b,a,b,a,a,b,b,a,b,a,a,b,a,b,b,b,b,b,a,b,a,b,b,a,b,b,a,a,b,a,a,a,b,b,b,b,a,a,a,a,a,a,a,b,a,b,a,a,b,a,a,b,b,a,b,a,a,a,a,a,b,b,b,b,a,a,b,a,a,b,a,a,b,b,a,a,a,b,b,a,a,b,a,b,b,a,a,a,a,b,a,b,a,a,a,a,a,a
DF.250L,a,a,b,b,a,b,a,a,b,a,b,a,a,a,a,a,a,b,a,b,a,b,b,b,a,a,a,a,b,b,a,b,a,a,a,a,a,a,a,b,a,a,a,a,a,a,a,a,a,a,b,b,b,b,a,a,b,a,a,a,a,a,b,b,b,a,a,a,b,b,b,a,b,a,a,b,a,b,b,b,b,b,a,b,a,b,b,a,a,b,a,a,a,a,a,a,b,b,b,b,b,a,a,a,a,a,a,b,a,b,a,a,a,b,a,b,b,a,b,b,a,a,a,a,b,b,b,b,b,b,b,a,a,a,a,a,a,b,a,a,a,b,b,a,b,b,a,b,a,a,a,a,a,b,a,b,b,a,a,a,a,a
GD.136C,a,a,b,b,a,b,b,a,b,a,b,a,a,a,a,a,a,b,a,b,a,b,b,b,a,a,a,a,b,a,a,b,a,a,a,a,a,b,a,b,a,a,a,a,a,a,a,a,a,a,b,b,b,b,b,a,b,a,a,a,a,a,b,b,b,a,a,a,b,b,b,a,b,a,a,b,a,b,a,b,b,b,a,b,a,b,b,a,b,b,a,a,b,a,a,a,b,b,b,b,a,a,a,a,a,a,a,b,a,b,a,a,a,b,a,b,b,a,b,b,a,a,a,a,b,b,b,b,b,b,b,a,a,a,a,a,a,b,a,a,a,b,b,a,b,b,a,b,b,a,a,a,a,b,a,b,a,a,a,a,a,a
HH.440L,a,a,b,b,a,b,a,a,b,a,b,a,a,a,a,a,a,b,a,b,a,b,b,b,a,a,a,a,b,b,a,b,a,a,a,a,a,b,a,b,a,a,a,a,a,a,a,a,a,a,b,b,b,b,a,a,b,a,a,a,a,a,b,b,b,a,a,a,b,b,b,a,b,a,a,b,a,b,b,b,b,b,a,b,a,b,b,a,a,b,a,a,a,a,a,a,b,b,b,b,b,a,a,a,a,a,a,b,a,b,a,a,a,b,a,b,b,a,b,b,a,a,a,a,b,b,b,b,b,b,b,a,a,a,a,a,a,b,a,a,a,b,b,a,b,b,a,b,a,a,a,a,a,b,a,b,b,a,a,a,a,a
BF.128C,a,a,b,b,a,b,a,a,b,a,b,a,a,a,a,a,a,b,a,b,a,b,b,b,a,a,a,a,b,b,a,b,a,a,a,a,a,a,a,b,a,a,a,a,a,a,a,a,a,a,a,b,b,b,a,a,b,b,a,a,a,a,b,b,b,a,a,a,b,b,a,a,b,a,a,b,a,b,b,a,b,b,a,b,a,b,b,a,a,b,a,a,a,a,a,a,b,b,b,b,b,a,a,a,a,a,a,b,a,b,a,a,a,b,a,b,b,a,b,b,a,a,a,a,b,b,b,b,b,b,b,a,a,a,a,a,a,b,a,b,a,b,b,a,b,b,a,b,a,a,b,a,a,b,a,b,b,a,a,a,a,a
HH.117C,a,a,b,b,a,b,a,a,b,a,b,a,a,a,a,a,a,b,a,b,a,b,b,b,a,a,a,a,b,b,a,b,a,a,a,a,b,a,a,b,a,a,b,a,a,a,a,a,a,a,a,b,b,b,a,a,b,b,b,a,a,a,b,b,b,a,a,a,b,b,a,a,b,a,a,b,a,b,b,a,b,b,a,b,a,b,b,a,a,b,a,b,a,a,a,a,b,b,b,b,b,a,a,a,a,a,b,b,a,b,a,a,a,b,a,b,b,a,b,b,a,a,a,a,b,b,b,b,b,b,b,a,a,a,a,a,b,b,a,b,a,b,b,a,b,b,a,b,a,a,b,b,a,b,a,a,b,a,a,a,a,a
GD.296C,a,a,b,b,a,b,a,a,b,a,b,a,a,b,a,a,a,a,a,a,a,b,b,b,a,a,a,a,b,b,a,b,a,a,a,a,b,a,a,b,a,a,b,a,a,a,a,a,a,a,a,b,b,b,a,a,b,a,b,b,a,a,b,a,b,a,a,b,b,b,a,a,b,b,a,b,a,b,b,a,b,b,a,b,a,b,b,a,a,b,b,b,a,a,a,a,b,b,b,b,b,a,a,a,a,a,b,b,a,b,a,a,a,b,a,a,b,a,b,b,a,a,a,a,b,b,b,b,b,b,b,a,a,a,a,a,b,b,a,b,a,b,b,a,b,b,a,b,a,a,b,a,a,b,a,a,b,a,b,a,a,a
DF.328C,a,a,b,a,a,b,a,a,b,a,b,a,a,b,b,a,a,a,a,a,a,b,b,b,a,a,a,a,b,b,a,b,a,a,a,a,b,b,a,b,b,a,b,a,a,a,a,a,a,a,a,b,b,b,a,a,b,a,b,b,a,a,b,a,b,a,a,a,b,b,a,a,a,b,a,b,a,b,a,a,b,b,a,b,a,b,b,a,a,b,b,b,b,a,a,a,b,b,b,b,b,a,a,a,a,a,b,b,a,b,a,a,a,b,a,a,b,a,b,b,a,a,a,a,b,b,b,b,b,b,b,a,a,b,a,a,b,b,a,b,b,b,b,a,b,b,a,b,a,a,b,a,a,b,a,a,b,a,b,a,a,a
FD.98C,a,a,b,a,a,b,a,a,b,a,b,a,a,b,b,a,a,a,a,a,a,b,b,b,a,a,a,a,b,b,a,b,a,a,a,a,b,b,a,b,b,a,b,a,a,a,a,a,a,a,a,b,b,b,a,a,b,a,b,b,a,a,b,a,b,a,a,a,b,b,a,a,a,b,a,b,a,b,a,a,b,a,a,b,a,b,b,a,a,b,b,b,b,b,a,a,b,b,b,b,b,a,a,a,a,a,b,a,b,b,a,a,a,b,a,a,b,a,b,b,a,a,a,a,b,b,b,b,b,b,b,a,a,b,a,a,b,a,a,b,b,b,b,a,b,b,a,b,a,a,b,a,a,b,a,a,b,a,b,a,a,a
CD.87L,a,a,b,a,a,b,b,a,b,a,a,a,a,b,a,a,a,a,a,a,a,b,a,b,a,a,b,b,b,b,a,a,a,a,a,a,b,b,b,b,b,a,b,a,a,a,a,a,a,b,b,a,b,a,a,a,b,a,b,a,a,a,b,a,b,a,a,a,b,b,a,a,a,b,a,b,a,b,a,b,b,a,a,b,a,b,b,a,a,b,b,a,b,a,a,a,b,b,a,b,b,a,b,a,a,a,b,a,b,b,a,a,a,b,a,a,b,a,b,b,a,a,a,a,b,b,b,b,b,b,b,b,a,a,b,a,b,a,a,b,b,b,b,a,b,b,a,b,a,a,b,a,a,b,a,a,b,a,b,a,a,a
DF.65L,a,a,a,a,a,b,b,a,a,a,a,a,a,b,a,a,a,a,a,a,a,b,a,b,a,a,b,b,b,b,a,b,a,a,b,a,b,b,b,b,b,a,b,a,a,a,a,a,a,b,b,a,b,a,a,a,b,a,b,a,a,a,b,a,b,a,a,a,b,b,a,a,a,b,a,b,a,b,b,b,b,a,a,b,a,b,b,a,a,b,b,a,a,a,a,a,b,b,a,b,b,a,b,a,a,a,b,a,b,b,a,a,a,b,a,a,b,a,b,b,a,a,a,a,b,b,b,b,b,b,b,b,a,a,b,a,b,a,a,b,b,b,b,a,b,b,a,b,a,a,b,a,a,b,a,a,b,a,b,a,a,a
HH.171C,a,a,a,a,a,b,b,a,a,b,a,a,a,b,a,a,a,a,a,a,a,b,a,b,a,a,b,b,b,b,a,b,a,a,b,a,b,b,b,b,b,a,a,a,a,a,a,a,a,b,b,a,b,a,a,a,b,a,b,b,a,a,b,a,b,a,a,a,b,b,a,a,a,b,a,b,a,b,b,b,b,a,a,a,a,b,b,a,a,b,b,a,a,a,a,a,b,b,a,b,b,b,b,a,a,a,b,a,b,b,b,b,a,b,a,a,b,a,b,b,a,a,a,a,b,b,b,b,b,b,b,b,a,a,b,a,b,a,a,b,b,b,b,a,b,b,a,b,a,a,b,a,a,b,a,a,b,a,b,a,a,a
AD.112L,a,a,a,a,a,b,b,a,a,b,a,a,a,b,a,a,a,a,a,b,a,b,a,b,a,a,b,b,b,b,a,b,a,a,b,a,b,b,b,a,b,a,a,a,a,b,b,a,a,b,b,a,b,a,a,a,b,a,b,b,a,a,b,a,b,a,a,a,b,b,a,a,a,b,a,b,a,b,b,b,b,a,a,a,a,b,b,a,a,b,b,a,a,a,a,a,b,b,a,b,b,b,b,a,a,b,b,a,b,b,b,b,a,b,a,a,b,-,b,b,a,a,a,a,b,b,b,b,b,b,b,b,a,b,b,a,b,a,b,b,b,b,b,a,b,b,a,b,a,a,b,a,a,a,a,a,b,a,b,a,b,a
BH.109L,a,a,a,a,a,b,b,a,a,b,a,a,a,b,a,a,a,a,a,b,a,b,a,b,b,a,b,b,b,b,a,b,a,a,b,a,b,b,b,a,b,a,a,a,a,b,b,a,a,b,b,a,b,a,a,a,b,a,b,b,a,a,b,a,b,a,a,a,b,b,a,a,a,b,a,b,a,b,b,b,b,a,a,a,a,b,b,a,a,b,b,a,a,a,a,a,b,b,a,b,b,b,b,a,a,b,b,a,b,b,b,b,a,a,b,a,b,a,a,b,a,a,a,b,b,b,b,b,b,b,b,b,a,b,b,a,b,a,b,b,b,b,b,a,b,b,a,b,a,a,b,b,a,a,b,a,b,a,b,a,b,a
HH.90L,a,a,a,a,a,b,b,a,a,b,a,a,a,b,a,a,a,a,a,b,a,b,a,b,b,a,b,b,b,b,a,b,a,a,b,a,b,b,b,a,b,a,b,a,a,b,b,a,a,b,b,a,b,a,a,a,b,a,b,b,-,a,b,a,a,a,a,a,b,b,a,a,a,b,a,b,a,a,b,b,b,a,a,a,a,b,b,a,a,b,b,a,a,a,a,a,b,b,a,b,b,b,b,a,a,a,b,a,b,b,b,b,a,a,b,a,b,a,a,b,a,a,a,b,b,b,b,b,b,a,b,b,a,b,b,a,b,a,b,b,b,b,b,a,b,b,a,b,a,a,b,b,a,a,b,a,b,a,b,a,b,a
ANL2,b,b,b,a,b,b,b,a,b,b,a,a,a,b,b,b,b,a,b,b,b,b,a,b,a,b,b,b,a,b,b,a,b,b,a,a,a,a,a,a,a,a,a,b,a,b,b,b,b,b,b,b,a,b,b,b,b,a,a,b,b,a,a,b,b,a,b,a,a,b,b,b,a,b,b,b,b,b,a,a,a,a,a,b,b,b,a,b,a,a,a,b,a,a,a,a,b,a,a,b,b,b,b,a,a,b,a,a,b,b,a,b,b,b,a,a,b,a,a,a,a,a,a,a,b,a,a,b,b,b,b,a,a,b,b,a,b,a,b,b,b,a,b,a,a,b,b,a,a,a,b,a,b,a,a,b,a,a,b,b,b,b
GH.250C,b,b,b,a,b,b,b,a,b,b,a,a,a,b,b,a,b,a,a,b,b,b,a,b,a,b,a,b,a,b,b,a,b,b,a,b,a,a,a,a,a,a,a,b,a,b,b,b,b,b,a,b,b,b,b,b,b,b,a,b,b,b,a,b,b,a,b,a,a,b,b,b,a,b,b,b,b,b,-,b,a,a,a,b,b,b,a,b,a,b,a,b,a,a,a,a,b,a,a,b,b,b,b,a,a,b,a,a,b,b,a,b,a,b,a,a,b,a,b,a,b,a,a,a,b,b,a,b,a,b,a,b,a,b,b,a,b,a,b,b,b,a,b,a,a,b,b,a,a,a,a,b,b,a,a,b,a,b,b,a,b,b
GA1,b,b,b,a,b,a,b,a,b,b,a,a,a,b,b,a,b,a,a,b,b,b,a,b,a,b,a,b,a,b,b,a,b,b,a,b,a,a,a,a,a,a,a,b,a,b,b,b,b,b,a,b,b,b,b,b,b,a,a,b,b,b,a,b,b,a,b,a,a,b,b,b,a,b,b,b,b,b,a,b,a,a,a,b,b,b,a,b,a,b,a,b,a,a,a,a,b,b,a,b,b,b,b,a,a,b,a,a,b,b,a,b,a,b,a,a,a,a,b,a,b,a,a,a,b,b,a,b,a,b,a,b,a,a,b,a,b,a,b,b,b,b,b,a,a,b,b,a,a,a,a,b,b,a,a,b,a,b,b,a,b,b
C6L9,b,b,b,a,b,a,b,b,b,b,a,a,a,b,b,a,b,a,a,b,b,b,a,b,a,a,a,b,a,b,b,a,b,b,a,b,a,a,a,a,a,a,a,b,a,b,b,b,b,b,b,b,b,b,b,b,b,a,a,b,b,b,a,b,b,a,a,a,a,b,b,b,a,b,b,b,a,b,a,b,a,a,a,b,b,b,a,b,a,b,a,b,a,a,a,a,b,b,a,b,b,b,b,a,a,b,a,a,b,b,a,b,a,a,a,a,a,a,b,a,b,a,b,a,b,b,a,b,a,b,a,a,b,b,b,a,a,a,b,b,b,b,b,a,a,b,b,a,a,a,a,b,b,a,a,b,a,a,b,a,b,a
T7M24,b,a,b,a,b,a,b,b,b,b,b,a,a,b,b,a,a,a,a,b,b,b,a,b,a,a,a,b,a,b,b,a,b,b,a,b,a,a,a,a,a,a,a,b,a,b,b,b,b,b,a,a,b,b,b,b,b,b,a,b,b,b,a,b,b,a,a,b,a,b,b,b,b,b,a,a,a,b,a,b,a,a,b,b,b,a,b,b,a,b,a,b,a,a,a,a,b,b,a,b,b,b,a,a,a,b,a,b,b,b,a,b,a,b,a,a,a,a,b,a,b,b,b,a,b,b,a,b,a,b,a,a,b,b,b,a,a,a,b,b,b,b,b,a,a,b,b,a,a,a,a,b,b,a,b,b,a,a,a,a,b,a
CD.730C,b,a,b,a,b,a,b,b,b,b,b,a,a,b,b,a,a,a,a,b,b,b,a,b,a,a,a,b,a,b,b,a,b,b,a,b,a,a,a,a,a,a,a,b,a,b,b,b,b,b,b,a,b,b,b,b,b,b,a,b,b,b,a,b,b,a,a,b,a,b,b,b,b,a,a,a,a,b,a,b,a,a,b,b,b,a,b,b,a,b,a,b,a,a,a,a,b,b,a,a,b,b,a,a,a,b,a,b,b,b,a,b,a,b,a,a,a,a,b,a,b,b,b,a,b,b,b,b,a,b,a,a,b,b,b,a,a,a,b,b,b,a,b,a,a,a,b,a,a,a,a,b,b,a,b,b,a,a,a,a,b,a
CH.169C,b,a,b,a,b,a,b,b,b,b,b,a,a,b,b,a,a,a,a,b,b,b,a,b,a,b,a,b,a,b,b,a,b,b,a,b,a,a,a,a,a,a,a,b,a,b,b,b,b,b,a,a,b,b,b,b,b,b,a,b,b,b,a,b,b,a,a,b,a,b,b,b,b,a,a,a,a,b,a,b,a,a,b,b,b,a,b,b,a,b,a,b,a,a,a,a,b,b,a,a,b,b,a,a,a,b,a,b,b,b,a,b,a,b,a,a,a,a,b,a,b,b,b,a,b,b,b,b,a,b,a,a,b,b,b,a,a,a,b,b,b,a,b,a,a,b,b,a,a,a,a,b,b,a,b,b,a,a,a,a,b,a
EC.306L,b,a,b,b,a,a,b,b,b,b,b,a,a,b,b,a,a,a,b,b,b,-,b,b,a,a,b,b,a,b,b,a,b,b,a,b,a,a,a,a,a,a,a,b,a,b,b,b,b,b,b,a,b,b,b,b,b,b,a,b,b,b,a,b,b,a,a,b,b,b,b,b,b,a,a,a,a,b,a,a,a,a,b,b,b,b,b,b,a,b,b,b,a,a,a,a,a,b,a,a,b,b,a,a,a,b,a,b,b,b,a,b,a,b,b,a,a,a,b,a,b,b,b,a,b,b,b,b,a,b,a,a,b,b,b,a,a,a,b,b,b,a,b,a,a,a,b,a,a,a,-,b,b,a,b,b,a,a,b,a,b,a
BH.92L,b,a,b,b,a,a,a,a,b,b,b,a,a,b,b,a,a,a,a,b,b,a,b,b,a,a,b,b,a,b,b,a,b,a,b,b,a,a,a,a,a,a,a,b,a,b,b,b,b,b,b,a,b,b,b,b,b,b,a,b,a,b,a,a,b,b,a,b,b,b,a,b,b,a,a,a,a,b,a,a,a,a,b,b,b,b,b,b,a,b,b,b,a,a,a,-,a,b,a,a,b,-,a,a,a,a,a,b,b,b,a,b,a,b,b,a,a,a,b,a,b,b,b,a,a,b,b,b,a,b,a,a,b,b,b,a,a,a,b,a,b,a,b,a,b,a,b,a,a,a,-,b,b,a,b,a,a,a,b,a,b,a
FD.154L,b,a,b,b,a,b,a,a,b,b,b,a,a,b,b,a,a,a,a,b,b,a,a,b,a,a,b,b,a,b,b,a,b,a,b,b,a,a,b,a,a,a,a,b,a,b,b,b,b,b,b,a,b,b,b,b,b,b,a,b,a,b,a,a,b,b,a,b,b,b,a,b,b,a,a,a,a,b,a,a,a,a,b,b,b,b,b,b,a,b,b,b,a,a,a,a,a,b,a,b,b,b,a,b,a,a,a,b,b,b,a,b,a,b,b,a,a,a,b,a,a,b,b,a,a,b,b,b,a,b,a,a,b,b,b,a,a,a,b,a,b,a,b,a,b,a,b,a,a,a,b,b,b,b,b,a,a,b,b,a,b,a
CH.238C,b,a,b,b,a,b,a,a,b,a,b,a,a,b,b,b,a,a,a,b,b,a,a,b,a,a,b,b,a,b,b,a,b,a,b,b,a,a,b,a,b,a,a,b,a,b,a,b,b,b,b,a,b,b,b,b,b,b,a,b,a,a,a,a,b,b,a,b,b,a,a,b,b,a,a,a,b,b,a,a,a,b,b,b,a,b,b,b,a,b,b,b,a,a,a,a,a,b,a,b,b,b,a,b,a,a,a,b,b,b,a,b,a,b,b,a,a,a,b,a,a,b,b,b,a,b,b,b,a,b,a,a,b,b,b,a,a,a,b,a,b,a,b,a,b,a,a,a,a,a,b,a,b,b,b,a,a,b,b,b,b,a
SC5,b,b,b,b,a,b,a,a,b,a,a,b,a,a,b,b,a,a,a,b,b,a,a,b,a,b,b,b,a,b,a,a,b,a,b,b,a,a,b,a,b,a,b,b,a,b,a,a,a,b,b,b,b,b,b,b,b,b,a,b,a,a,a,a,b,b,a,b,b,a,a,b,b,a,a,a,b,b,a,a,b,b,b,b,b,b,b,b,a,b,b,b,b,a,a,b,a,b,a,b,b,b,a,a,a,a,a,b,b,b,a,b,a,b,b,a,a,a,b,a,a,b,b,b,a,b,b,b,a,b,a,a,b,b,b,a,a,a,b,a,b,a,b,a,b,a,a,b,b,a,a,a,b,b,b,a,a,b,b,b,b,a
CD.329C,b,a,b,b,a,b,a,a,b,a,a,b,a,a,b,b,a,a,a,a,b,a,a,b,a,b,b,b,a,a,b,a,b,a,b,b,a,a,b,a,b,a,b,b,a,a,a,a,a,b,b,b,b,a,b,b,b,b,a,b,a,b,a,a,b,a,a,b,b,a,a,b,b,a,a,a,b,a,a,a,a,b,a,b,b,b,b,b,a,b,b,b,b,a,a,b,a,a,a,b,b,b,a,a,b,a,a,b,b,b,a,b,a,b,b,a,a,a,b,a,a,b,b,b,a,a,b,b,a,b,a,a,b,b,b,a,a,a,b,a,b,a,a,a,b,a,a,a,b,a,a,a,b,b,b,a,a,b,a,b,b,a
FD.167L,b,a,b,b,a,b,a,a,b,a,a,b,a,a,b,b,a,a,a,a,b,a,a,a,a,b,b,b,a,a,b,a,b,a,a,b,a,b,b,b,b,a,b,b,a,a,a,a,a,a,b,b,b,a,b,b,a,b,a,b,a,b,a,a,b,a,a,b,b,a,a,b,b,a,a,a,b,a,a,a,a,b,a,b,b,b,a,b,a,b,b,b,b,a,a,b,a,a,a,b,b,b,a,a,b,a,a,b,b,b,a,b,a,b,b,a,a,a,b,a,a,b,b,b,a,a,b,b,a,b,a,a,b,b,b,a,a,a,b,a,a,a,a,a,b,a,a,a,b,a,a,a,a,b,b,a,a,b,b,b,b,a
CH.70L,b,a,b,b,a,b,a,b,b,a,a,b,a,a,b,a,b,a,a,a,b,a,a,a,a,a,b,b,a,a,a,a,b,a,a,b,a,b,b,b,b,a,b,b,a,a,a,a,a,a,b,b,b,a,b,b,a,b,a,b,a,b,a,a,b,a,a,b,b,a,a,b,b,a,a,a,a,a,a,b,a,b,a,b,b,b,a,b,a,a,b,b,b,a,a,b,a,a,a,b,b,b,a,b,b,a,a,b,b,a,a,b,a,b,a,a,a,a,b,a,a,a,b,b,a,a,b,b,b,b,a,a,b,b,b,b,a,a,b,a,a,a,a,a,a,a,b,a,b,a,a,a,a,b,b,a,a,b,b,b,b,a
HH.159C,b,a,b,b,a,b,a,b,b,a,a,a,a,a,b,a,b,a,a,a,b,b,b,a,a,a,b,b,a,a,a,a,b,a,a,b,a,a,b,b,b,a,b,b,a,a,a,a,a,a,b,b,a,a,b,b,a,b,a,b,a,a,a,a,a,a,a,b,b,a,a,b,b,a,a,a,a,a,a,b,a,b,a,b,b,a,a,b,a,a,b,b,b,a,a,b,a,a,a,a,b,b,a,b,b,a,a,b,b,a,a,b,b,b,a,a,a,a,b,a,a,b,b,b,a,a,b,b,b,b,b,a,b,b,b,b,a,a,b,a,a,a,a,a,a,a,b,a,b,a,a,a,a,b,b,a,a,b,b,b,b,a
GB.490C,b,a,b,b,a,b,a,b,b,a,a,a,a,a,b,b,b,a,a,a,b,b,b,a,a,a,b,a,a,a,a,a,b,a,a,b,a,a,b,b,b,a,b,b,a,a,a,a,a,a,b,a,a,a,b,b,a,b,a,b,a,b,a,a,a,a,a,b,b,a,a,b,b,a,b,a,a,a,b,b,a,b,a,b,b,a,a,b,a,a,b,b,b,a,a,b,a,a,a,a,b,b,a,b,b,a,b,b,b,a,a,b,a,b,a,a,b,a,b,a,a,a,b,b,a,a,b,b,b,b,b,a,b,a,b,b,a,a,b,a,a,a,a,a,a,a,b,a,b,a,a,b,a,b,b,a,a,b,b,b,b,a
VPMH47,b,a,b,b,a,b,a,b,b,a,a,a,a,a,b,b,b,a,a,a,b,b,b,a,a,b,b,a,a,a,a,a,b,a,a,b,a,a,b,b,b,a,b,b,a,a,a,a,a,a,b,a,a,a,b,b,a,b,a,a,a,b,a,a,a,a,a,b,b,a,a,b,b,a,b,b,a,a,b,b,a,b,a,b,b,a,a,b,a,a,b,b,b,a,a,b,a,a,a,a,b,b,a,b,b,a,b,b,b,a,a,b,b,b,a,a,a,a,b,a,a,a,b,b,a,a,b,b,b,b,b,a,b,b,b,b,a,a,b,a,a,a,a,a,a,a,b,b,b,a,a,b,b,b,b,a,a,b,b,b,b,a
VPMH19,b,a,b,a,a,b,a,b,b,b,a,a,a,a,b,b,a,a,a,a,a,b,b,a,a,b,b,a,a,a,a,a,b,a,a,b,a,a,b,b,b,a,b,b,a,a,a,a,a,a,b,a,a,a,b,b,a,b,a,a,a,b,b,b,a,a,a,a,b,a,a,b,b,a,b,b,a,a,b,b,a,b,a,b,b,a,a,b,b,a,b,a,b,a,a,b,a,a,a,a,b,b,a,b,b,b,b,b,b,a,b,b,b,b,a,a,a,a,b,a,a,a,a,b,a,a,b,b,b,b,b,a,b,b,b,a,b,a,b,a,a,a,a,a,a,a,b,b,b,a,b,b,b,b,b,a,a,b,b,b,b,a
GB.750C,b,a,b,a,b,b,a,b,b,b,a,a,a,a,b,b,a,a,a,a,a,b,b,a,a,b,b,a,a,a,a,a,b,a,a,b,a,a,b,b,b,a,b,b,a,a,a,a,a,a,b,a,a,a,b,b,a,b,a,a,a,b,b,b,a,a,a,a,b,a,a,b,b,a,b,b,a,a,b,b,a,b,a,b,b,a,a,b,b,a,b,a,b,a,a,b,a,a,a,a,b,b,a,b,b,b,b,b,b,a,b,b,b,b,a,a,b,a,b,a,a,a,a,b,a,a,b,b,b,b,b,a,b,a,b,a,b,a,b,a,a,a,a,a,a,a,b,b,b,a,b,b,b,b,b,a,a,b,b,b,b,a
BH.342C,b,b,b,a,b,b,a,b,b,b,a,a,a,b,b,b,a,a,a,a,a,b,b,a,a,a,b,a,a,a,a,a,b,a,a,b,a,a,b,b,b,a,b,b,a,a,a,a,a,b,b,a,a,a,b,b,b,b,a,a,b,b,b,a,a,a,a,a,b,b,a,b,b,a,b,b,a,a,b,a,a,a,a,b,b,a,a,b,b,a,b,a,b,b,a,b,a,a,a,a,b,b,a,b,b,b,a,a,b,a,b,a,b,b,a,a,b,a,b,a,a,a,a,a,a,a,b,a,b,b,b,a,b,a,a,a,b,a,b,a,a,a,b,a,b,a,b,b,b,a,b,a,b,b,b,a,a,b,b,b,b,a
FD.207L,a,a,a,b,a,a,b,a,a,b,a,b,b,b,b,a,a,a,b,-,a,a,b,a,b,b,b,a,a,b,a,b,a,a,a,b,b,a,a,a,b,b,a,a,b,a,a,b,a,b,a,a,b,a,a,a,a,b,a,b,a,a,a,b,a,a,a,a,b,b,b,b,b,a,b,b,a,b,a,a,b,a,b,a,a,a,b,a,a,a,a,a,b,a,a,a,b,b,b,a,a,b,b,a,a,a,a,a,b,b,a,b,a,b,b,b,b,a,a,a,a,b,b,a,b,a,a,b,a,b,a,a,a,a,b,a,a,b,a,a,b,b,a,b,a,a,a,b,a,b,b,a,a,a,a,b,b,a,a,a,a,-
CH.690C,b,a,a,b,a,a,b,a,a,b,a,b,b,b,b,a,a,a,b,b,a,a,b,b,b,b,b,b,a,b,a,b,a,a,a,b,a,a,a,a,b,b,b,a,b,a,a,b,a,b,a,a,b,a,a,a,b,b,b,b,a,a,a,b,a,a,a,a,b,b,b,a,b,a,b,b,a,b,a,a,b,a,b,a,a,a,b,a,a,a,a,a,b,a,a,a,b,b,a,a,a,b,b,a,a,a,a,a,b,b,a,b,a,b,b,b,b,a,a,a,a,b,a,a,b,a,a,b,a,b,a,a,a,a,b,a,a,b,a,a,b,b,a,b,a,a,a,b,a,b,b,a,a,a,a,b,b,a,a,a,a,a
AD.292L,b,a,a,b,a,a,b,a,a,b,a,b,b,b,b,a,a,a,b,b,a,a,b,a,b,b,b,b,a,b,a,b,a,a,a,b,a,a,a,a,b,b,b,a,b,a,a,b,a,b,a,a,a,a,a,a,b,a,b,b,a,a,a,b,a,a,a,a,b,a,b,a,b,b,b,b,a,a,a,a,b,a,b,a,a,b,b,a,a,a,a,a,b,a,a,a,b,b,a,a,a,b,a,a,a,a,a,a,b,b,a,b,a,b,b,b,b,-,a,a,a,b,a,a,b,a,b,b,a,b,a,a,a,a,b,a,a,b,a,a,b,b,a,b,a,a,a,b,a,a,b,a,a,a,a,b,b,a,a,a,a,a
BH.144L,b,a,a,b,a,a,b,a,a,b,a,b,b,b,b,a,a,a,a,b,a,a,b,a,b,b,b,b,a,b,a,b,a,a,a,b,a,a,a,a,b,b,b,a,b,a,a,b,a,b,a,a,a,a,a,a,b,a,a,a,a,a,a,b,a,a,a,a,b,a,b,a,b,a,b,b,a,a,a,a,b,a,b,a,a,b,b,a,a,a,a,a,b,a,a,-,b,b,a,a,a,b,a,a,a,a,a,a,b,b,a,b,a,b,a,b,b,a,a,a,a,b,a,a,b,a,b,b,a,b,a,a,a,a,b,a,a,b,a,a,b,b,a,b,a,a,a,b,a,a,b,a,a,a,a,b,b,a,a,a,a,a
EC.198L,b,a,a,b,a,a,b,b,a,b,a,b,b,b,a,a,a,a,a,b,a,a,b,a,b,b,b,b,a,b,a,a,a,a,a,b,a,a,a,a,a,b,a,a,b,a,a,b,a,b,a,a,a,a,a,a,b,a,a,a,a,a,a,a,a,a,a,a,b,a,b,a,b,a,b,a,a,a,a,a,b,a,b,b,a,b,b,a,a,a,a,a,a,a,a,a,b,a,a,b,a,b,a,a,a,a,a,a,b,b,a,a,a,b,a,b,b,a,a,a,a,b,a,a,b,a,b,a,a,a,a,a,a,a,b,a,a,b,a,a,b,a,a,b,a,a,a,b,a,a,b,a,a,a,a,b,b,a,a,a,a,a
BH.180C,b,a,a,b,a,a,b,b,a,b,a,b,b,b,a,a,a,a,a,b,a,a,b,a,b,b,b,b,a,b,a,a,a,a,a,b,a,a,a,a,a,b,a,a,b,a,a,b,a,b,a,a,a,a,a,a,b,a,b,a,a,a,a,a,a,a,a,a,b,b,b,a,b,a,b,a,a,a,b,a,b,a,-,b,a,b,b,a,b,a,a,a,a,a,a,a,b,a,a,b,a,b,a,a,a,a,a,a,b,b,a,a,a,b,a,b,b,a,a,a,a,b,a,a,b,a,b,a,a,a,a,a,a,b,b,a,a,b,a,a,b,a,a,b,a,a,a,b,a,a,b,a,a,a,a,b,b,a,a,a,a,a
BH.107L,b,a,a,b,a,a,b,b,a,b,a,b,a,b,a,a,a,b,a,b,a,a,b,a,b,b,b,b,a,b,a,a,a,a,a,b,b,a,a,a,b,b,a,a,b,b,a,b,a,b,a,a,a,a,a,a,b,a,b,a,a,a,a,a,b,a,a,a,b,b,a,a,b,a,b,b,a,a,b,a,a,a,-,b,a,b,b,a,b,a,a,a,b,a,a,a,b,a,b,b,a,b,a,a,a,a,a,a,a,b,a,a,a,b,a,b,b,a,a,a,a,b,a,a,b,a,b,a,a,a,a,a,a,a,a,a,a,b,a,a,a,a,a,b,a,a,b,b,a,a,b,a,a,a,a,b,b,a,b,a,a,a
nga151,b,a,a,b,a,a,b,b,a,b,a,a,a,b,a,a,a,b,a,b,a,a,b,a,b,b,b,b,a,b,b,a,a,a,a,b,b,a,a,a,b,b,a,a,b,b,a,b,a,b,a,a,a,a,a,a,b,a,a,a,a,a,a,a,b,a,a,a,b,b,a,a,b,a,a,b,a,a,b,a,a,a,b,b,a,b,b,a,b,a,a,a,b,a,a,a,b,a,b,b,a,b,a,a,a,a,a,a,a,b,a,b,a,b,a,b,b,a,a,a,a,b,a,a,b,a,b,a,a,a,a,a,a,a,a,a,a,b,a,a,a,a,b,b,a,a,b,b,a,a,b,a,a,a,a,b,b,a,a,a,a,a
DF.231C,b,a,a,b,a,a,b,b,a,b,a,a,b,b,a,a,a,b,a,b,a,a,b,a,b,b,b,b,a,b,b,a,a,a,a,b,b,a,a,a,a,b,b,a,b,b,a,b,a,b,a,a,a,b,b,a,b,a,a,a,a,a,a,b,b,a,a,a,b,b,a,a,a,a,a,b,a,a,b,a,a,a,b,b,a,b,a,a,b,a,b,a,b,a,a,a,b,a,b,b,a,b,a,a,b,a,b,a,a,b,a,b,a,b,a,b,b,a,a,a,a,a,a,a,b,a,b,a,a,a,a,a,a,a,a,a,b,b,a,a,a,a,b,b,a,a,b,b,a,a,b,a,a,a,a,b,b,a,a,a,a,a
DF.184L,b,a,a,b,a,a,b,b,a,b,a,a,b,b,a,a,b,b,a,b,a,b,b,a,b,b,a,b,a,b,b,a,a,a,a,a,b,a,a,a,a,a,b,a,b,b,a,b,a,b,a,a,a,b,b,a,b,a,b,a,a,a,a,b,b,a,a,a,b,b,a,a,a,a,a,b,a,a,b,a,a,a,a,b,b,b,b,a,b,b,b,a,b,a,a,a,b,a,b,b,a,b,a,a,b,a,b,a,a,b,b,a,a,b,a,b,a,a,a,b,a,a,a,a,b,a,a,a,a,a,a,a,a,a,a,a,a,b,a,a,a,a,b,b,a,a,b,b,a,a,b,a,a,a,a,b,b,a,a,a,a,a
GH.473C,b,a,a,b,a,a,b,b,a,b,a,a,b,b,a,a,b,b,a,b,a,b,b,a,a,b,a,b,a,b,b,a,a,a,a,a,b,a,b,a,a,a,b,a,b,a,a,b,a,b,a,a,a,b,b,a,b,a,b,a,a,a,a,b,b,a,a,a,b,b,a,a,a,a,a,b,a,a,-,a,a,b,a,b,b,b,b,a,b,b,b,a,b,a,a,b,b,b,b,b,a,b,a,a,b,a,b,a,a,a,b,b,a,b,a,b,a,a,a,b,a,a,a,a,b,a,a,a,a,b,a,a,a,a,a,a,a,b,a,a,a,b,a,b,a,a,b,b,a,b,b,b,a,a,a,b,b,b,a,a,a,a
GH.121L,b,a,a,b,b,a,b,a,a,b,a,a,b,b,b,a,a,b,a,b,a,b,b,a,a,b,a,b,b,b,b,a,a,a,a,a,b,a,b,a,a,a,b,a,b,a,a,b,a,b,a,a,b,a,b,a,b,a,b,a,a,a,a,b,b,a,b,a,b,b,a,a,a,a,a,b,a,b,-,a,a,b,a,a,b,b,b,b,b,b,b,a,a,a,a,a,b,b,a,b,a,b,a,a,b,a,b,a,a,a,b,b,a,b,a,b,a,a,a,b,a,a,a,a,b,b,a,a,b,b,b,a,a,a,a,a,a,b,a,a,a,b,a,b,a,a,b,b,a,b,b,b,a,a,a,b,b,b,a,a,a,a
AD.129L,b,a,a,b,b,a,b,a,a,b,a,a,b,b,b,a,a,b,a,a,a,b,b,a,a,b,a,b,b,b,b,a,a,a,a,a,b,a,b,a,a,b,b,a,b,a,a,b,a,b,a,a,b,a,b,a,b,a,b,a,a,a,a,b,b,a,b,a,b,b,a,a,a,a,a,b,a,a,b,b,a,b,a,a,b,b,b,b,b,a,b,b,a,a,a,a,-,a,a,b,a,b,a,a,b,a,b,b,a,a,b,b,a,b,a,b,a,-,a,b,a,a,a,a,b,b,a,a,b,b,b,b,a,a,a,a,a,b,a,a,a,a,a,b,a,a,b,b,a,b,b,b,a,a,a,b,b,b,a,a,a,a
HH.480C,b,a,a,b,b,a,b,a,a,b,a,a,b,a,b,a,a,b,a,b,a,a,b,a,a,b,a,b,b,b,b,a,a,a,b,a,b,a,b,a,a,b,b,a,b,a,a,b,a,b,a,a,b,a,b,a,b,a,b,a,a,a,a,b,b,a,b,b,b,b,a,a,a,a,a,b,a,a,b,b,a,b,b,a,b,b,b,b,b,a,b,b,a,a,a,a,-,a,a,b,a,b,a,a,b,a,b,b,a,a,b,b,a,b,a,b,a,a,b,b,a,a,a,a,b,a,b,a,b,b,b,b,a,a,a,a,a,b,a,a,a,a,a,a,a,a,b,b,b,b,b,b,a,a,a,b,b,b,a,a,a,a
BH.96L,b,a,a,b,b,a,a,a,b,b,-,a,b,a,b,a,a,b,a,b,b,a,b,a,a,a,a,b,b,b,b,a,a,a,b,a,b,a,a,a,a,b,b,a,b,a,a,b,a,b,a,a,b,a,b,a,b,a,b,a,a,a,a,b,b,a,b,b,b,b,a,a,a,a,a,a,b,a,b,b,a,b,a,a,-,b,b,b,b,a,b,a,a,a,a,a,a,a,a,b,a,b,a,a,b,a,a,b,a,a,b,b,b,b,a,b,a,a,b,a,a,a,a,a,a,b,b,a,b,b,b,b,a,a,a,a,a,b,a,a,a,a,a,a,a,a,b,a,b,a,a,a,a,a,a,b,b,b,a,a,a,a
CC.188L,b,a,a,-,b,a,a,a,b,b,a,a,b,a,b,a,a,b,a,b,b,a,b,a,a,a,a,b,b,b,b,a,a,a,b,a,b,a,a,a,a,b,b,a,b,a,a,b,a,b,a,a,b,a,b,a,b,a,b,a,a,a,a,b,b,a,b,b,b,b,a,a,a,a,a,a,b,a,b,b,a,b,a,a,-,b,b,a,b,a,b,a,a,a,a,a,a,a,a,b,a,b,a,a,b,a,a,b,a,a,b,b,b,b,b,b,a,a,b,a,a,a,a,a,a,b,b,a,b,b,b,b,b,a,a,a,a,b,a,a,a,a,a,a,a,a,b,a,b,a,a,b,a,a,a,b,a,b,a,a,a,a
GD.239L,b,a,a,b,b,a,a,a,b,b,a,a,b,a,b,a,a,b,a,b,b,a,b,a,a,a,a,b,b,b,b,a,a,a,b,b,b,a,a,a,a,b,b,a,b,a,a,b,a,b,a,a,b,a,b,a,b,a,b,a,a,a,a,b,b,a,-,b,b,b,a,a,a,a,a,a,b,a,b,b,a,b,a,a,b,b,b,a,b,a,-,a,a,a,a,a,a,a,a,a,a,b,a,a,a,a,a,b,a,a,b,b,b,b,a,a,b,a,b,a,b,a,a,a,a,b,b,a,b,b,b,a,b,a,a,a,b,b,b,a,a,a,a,b,a,a,b,a,a,a,a,b,a,a,a,b,a,b,a,a,a,a
DF.300C,b,a,a,b,b,a,a,a,b,b,a,a,b,a,b,a,a,b,a,b,b,a,b,a,a,a,a,b,b,b,b,a,a,a,b,b,b,a,a,a,a,b,b,a,b,a,a,b,a,b,a,a,b,a,b,a,b,a,b,a,a,a,a,b,b,a,b,b,b,b,a,a,a,a,a,a,b,a,b,b,a,a,a,a,b,b,b,a,b,a,-,a,a,a,a,a,a,a,a,a,a,b,a,a,a,a,a,b,a,a,b,b,b,b,a,a,b,a,b,a,b,a,a,a,a,a,b,a,b,b,b,a,b,a,a,a,b,b,b,a,a,a,a,b,a,a,b,a,a,a,a,b,a,a,a,b,a,b,b,a,a,a
GB.235C,a,a,a,b,b,a,b,a,b,b,a,a,b,a,b,a,a,b,a,b,b,a,b,a,a,a,a,b,b,b,b,a,a,a,b,b,b,a,a,a,a,b,b,a,b,a,a,b,a,b,a,a,b,a,b,a,b,a,b,a,a,a,a,b,b,a,b,a,b,b,a,a,a,a,a,a,b,a,b,b,a,a,a,a,b,b,b,a,b,a,-,a,a,a,a,a,a,b,a,a,a,b,a,a,a,a,a,b,a,a,b,b,b,b,a,a,b,a,b,a,b,b,a,a,a,a,b,a,b,b,b,a,b,a,a,a,b,b,b,a,a,a,a,b,a,a,b,a,a,a,a,b,a,a,a,a,a,b,b,a,a,a
CD.179L,a,a,a,b,b,a,b,a,b,b,a,a,b,a,b,a,a,b,a,b,b,a,b,b,a,b,a,b,b,b,b,a,a,a,b,b,b,a,a,a,a,b,b,a,b,a,a,b,a,b,a,a,b,a,b,a,b,a,b,a,a,a,a,b,b,a,a,a,b,b,a,a,a,a,a,a,b,a,b,a,a,a,a,a,b,b,b,a,a,a,-,a,a,a,a,a,a,b,a,a,a,b,a,a,a,a,a,b,a,a,b,b,b,b,a,a,b,a,b,a,b,a,a,a,a,a,b,a,b,b,b,a,b,a,a,a,b,b,b,a,a,a,a,b,a,a,b,a,a,a,a,b,a,a,a,a,a,b,b,a,a,a
CH.88L,a,a,a,b,b,a,b,a,b,b,a,a,a,a,b,a,a,b,a,b,b,a,b,b,a,b,a,b,b,b,b,a,a,a,b,b,b,a,a,a,a,b,b,a,b,a,a,b,b,b,a,a,b,a,b,a,b,a,b,a,a,a,a,a,b,a,a,a,b,b,a,a,a,a,a,a,b,a,b,a,a,a,a,a,b,b,b,a,a,a,-,a,a,a,a,a,a,b,a,a,a,b,a,a,a,a,a,b,a,a,b,b,b,b,a,a,b,a,b,a,b,a,a,a,a,a,b,a,b,b,b,a,b,a,a,a,b,b,b,a,a,a,a,a,a,a,b,a,a,a,a,b,b,a,a,a,a,b,b,a,a,a
CD.116L,a,a,a,b,b,a,b,a,b,b,a,a,a,a,b,a,a,b,a,b,b,a,b,b,a,b,a,b,b,b,b,a,a,a,b,a,b,a,a,a,a,b,a,a,b,a,a,b,b,b,a,a,b,a,b,a,a,a,b,a,a,a,a,a,b,a,a,a,b,b,a,a,a,a,a,a,b,a,b,a,a,a,a,a,b,b,b,a,a,a,-,a,a,a,a,a,a,b,a,a,a,b,a,a,a,a,b,b,a,a,b,b,b,b,a,a,b,a,b,a,b,a,a,a,a,a,b,a,b,b,b,b,b,b,a,a,b,b,b,a,a,a,a,a,a,a,b,a,a,a,a,b,b,a,a,a,a,b,b,a,a,a
EC.151L,a,a,a,b,b,a,a,a,b,b,a,a,a,a,b,a,a,b,a,b,b,a,b,b,a,b,a,b,b,b,b,a,a,a,b,a,b,a,a,a,a,b,a,a,b,a,a,b,b,a,a,a,a,a,b,a,a,a,b,a,a,a,a,a,b,a,a,a,a,b,a,a,a,a,a,a,b,a,a,a,a,a,a,a,b,b,a,a,a,a,a,a,a,a,a,a,a,b,a,a,a,a,a,a,a,a,b,a,a,a,b,b,b,b,a,a,b,a,b,a,b,a,a,a,a,a,b,a,b,b,b,a,b,b,a,a,b,a,b,a,a,a,a,a,a,a,b,a,a,a,a,b,b,a,a,a,a,a,b,a,a,a
DFR,a,a,a,b,b,a,a,a,b,b,a,a,a,a,b,a,a,b,a,b,b,a,b,b,a,b,a,b,b,b,b,a,a,a,b,a,a,a,a,a,a,b,a,a,b,a,a,b,b,a,b,a,a,a,b,a,a,a,b,a,a,a,a,a,a,a,a,a,a,b,a,a,a,a,a,a,b,a,a,a,a,a,a,a,b,b,a,a,a,a,a,a,a,b,a,a,a,b,a,a,a,a,a,a,a,a,b,a,a,a,b,b,b,b,a,a,b,a,b,a,b,a,a,a,a,a,b,a,b,b,b,a,a,b,a,a,b,a,b,a,a,a,a,a,a,a,b,a,a,a,a,b,b,a,a,a,a,a,b,a,a,a
GD.350L,a,a,a,b,a,a,a,a,b,a,a,a,b,a,b,a,a,b,a,b,b,a,b,b,a,b,a,b,b,b,b,a,a,a,b,b,a,a,a,b,a,b,a,a,b,a,a,b,b,a,b,a,a,b,b,a,a,a,b,a,a,a,a,a,a,b,a,a,a,a,b,a,a,a,a,a,b,a,b,a,a,a,a,a,b,b,a,b,b,a,a,b,a,b,a,a,a,b,a,a,a,b,a,a,a,b,b,b,a,a,b,b,b,a,a,a,a,a,a,b,b,a,a,a,a,a,b,a,b,b,b,a,a,b,a,a,b,a,b,a,a,a,a,b,a,a,b,a,a,a,a,b,b,a,a,a,a,a,b,a,a,a
BH.81L,a,a,a,b,a,a,a,a,b,a,a,a,b,a,b,a,a,b,a,b,b,a,b,b,a,b,a,b,b,b,b,a,a,a,b,b,b,a,a,b,a,b,a,a,b,a,a,b,b,a,b,a,a,b,b,a,a,a,b,a,a,a,a,a,a,b,a,a,a,a,b,a,a,a,a,a,b,a,b,a,a,a,a,a,b,b,a,b,b,a,a,b,a,b,a,a,a,b,a,a,a,b,a,a,a,b,b,b,a,a,b,b,b,a,a,a,a,a,a,b,b,a,a,a,a,a,a,a,b,b,a,a,a,b,a,a,b,a,b,a,a,a,a,b,a,a,b,a,a,a,a,b,b,a,a,a,a,a,b,a,a,a
HH.445L,a,a,a,b,a,b,a,a,b,a,a,a,b,a,b,a,a,b,a,b,b,b,b,b,a,b,a,b,b,b,b,a,a,a,a,b,b,a,a,b,a,b,a,a,b,a,a,b,b,a,b,a,a,b,b,a,a,a,b,a,a,a,a,a,a,b,a,a,a,a,b,a,a,a,a,a,b,a,b,a,a,b,a,a,b,a,a,b,a,a,a,b,a,b,a,a,a,b,a,a,a,b,a,a,b,b,b,b,a,a,b,b,b,a,a,a,a,a,a,b,a,b,a,a,a,b,a,a,b,b,a,a,a,b,a,a,b,a,b,a,a,a,a,b,a,a,b,a,a,a,a,b,b,a,a,a,a,a,b,a,a,b
GD.118C,a,a,a,b,a,b,a,a,b,a,a,a,a,a,b,a,a,b,a,b,b,b,b,b,a,b,b,b,b,b,b,a,a,a,a,b,b,a,a,b,a,b,a,a,b,a,a,b,b,a,b,a,a,b,b,a,a,a,b,a,a,a,a,a,a,b,a,a,a,a,b,a,a,a,a,a,b,a,b,a,a,b,a,a,b,a,a,b,a,a,a,b,a,b,b,a,a,b,a,a,a,b,a,a,b,b,b,b,a,a,b,b,b,a,a,a,a,a,a,b,a,b,a,a,a,b,a,a,b,b,a,a,a,b,a,a,b,a,b,a,a,a,a,b,a,a,b,a,a,a,a,b,b,a,a,a,a,a,b,a,a,b
CC.262C,a,a,a,-,a,b,a,a,b,a,a,b,a,a,b,a,a,b,a,b,a,b,b,b,a,b,b,b,b,b,b,a,a,a,a,b,b,a,a,b,a,b,a,a,b,b,a,b,b,a,b,a,a,b,b,a,a,a,b,b,a,a,a,a,a,b,a,a,a,a,b,b,a,a,a,a,b,a,b,a,a,b,a,a,b,a,a,b,a,a,b,b,a,b,b,a,a,b,a,a,a,b,a,a,b,b,b,b,a,a,b,b,b,a,a,a,a,a,a,b,a,b,a,a,a,b,a,a,b,b,a,a,a,b,a,a,b,a,b,a,a,a,a,b,a,a,b,a,a,a,a,a,b,a,a,a,a,a,b,a,a,b
GB.102L,a,a,a,b,a,b,a,a,b,a,a,b,a,a,b,a,a,b,a,b,a,b,a,b,a,b,b,b,b,b,b,a,a,a,a,b,-,a,a,b,a,b,a,a,b,b,a,b,b,a,b,a,b,b,b,a,a,a,a,b,a,a,a,a,a,b,a,a,a,a,b,b,a,a,a,a,b,a,b,a,a,b,a,a,b,a,a,b,a,a,b,b,a,b,b,a,a,b,a,a,a,b,a,a,b,b,b,a,a,a,b,b,b,a,a,a,a,a,a,a,a,b,a,a,a,b,a,a,b,b,a,a,a,b,a,b,b,a,b,a,a,a,b,b,a,a,b,a,a,a,a,a,b,a,a,a,a,a,b,a,a,b
HH.143C,a,a,a,b,a,b,a,a,a,a,a,b,a,a,a,a,a,b,a,b,a,b,a,b,b,a,b,b,b,b,b,a,a,a,a,b,-,a,a,b,a,b,a,a,b,b,a,b,a,a,b,a,b,b,b,a,b,a,a,b,a,b,a,a,a,b,a,b,a,a,b,b,a,a,a,a,b,a,b,a,a,b,a,a,b,b,a,b,a,b,b,b,a,b,b,a,a,b,a,a,a,b,b,a,b,b,b,a,a,a,b,b,b,b,a,a,b,b,a,a,a,b,a,a,a,a,a,a,b,b,a,a,a,b,a,b,b,b,b,a,a,a,a,b,a,a,a,a,a,a,a,a,b,a,a,a,b,a,a,a,a,b
BF.168L,a,a,a,b,a,b,a,a,a,a,a,b,a,a,a,a,a,b,a,b,a,b,a,b,b,a,b,b,a,b,b,a,a,a,a,b,-,a,a,b,a,b,a,a,b,b,a,b,a,a,b,a,b,b,b,a,b,a,a,b,a,b,a,a,a,b,a,b,a,a,b,b,a,a,a,a,b,a,b,a,a,b,b,a,b,b,a,b,a,b,b,b,a,b,b,a,b,b,a,a,a,b,b,a,b,b,b,a,a,a,a,b,b,b,a,a,b,b,a,a,a,b,a,a,a,a,a,a,b,b,b,a,a,b,a,b,b,b,b,a,a,a,a,b,a,a,a,a,a,a,a,a,b,a,a,a,b,a,b,a,a,b
DF.119L,a,a,b,b,a,a,a,a,a,a,a,b,a,a,a,a,a,b,a,b,a,b,a,b,b,a,b,b,a,b,b,b,a,a,a,b,b,a,a,b,a,b,a,a,b,b,a,b,a,b,b,b,b,b,b,a,b,a,a,b,a,b,a,a,a,a,a,b,a,a,b,b,a,a,a,b,b,a,b,a,a,b,b,a,a,b,a,b,a,b,b,b,a,a,b,a,b,b,a,a,b,b,b,a,b,b,b,a,a,b,a,b,b,b,a,a,b,b,a,a,a,a,a,a,a,a,a,a,b,b,-,a,a,b,a,b,b,b,a,a,a,a,a,b,a,a,a,a,a,a,b,a,b,a,a,a,a,b,b,a,a,b
GD.222C,a,a,b,b,a,a,a,a,a,a,a,b,a,a,a,a,a,b,a,b,a,b,a,b,b,a,b,b,a,b,b,b,a,a,a,b,b,a,a,b,a,b,a,a,b,b,a,b,a,b,b,b,b,b,b,a,b,a,a,b,b,b,a,a,a,a,a,b,a,a,b,b,b,a,a,b,b,a,b,a,b,a,b,a,a,b,a,b,a,b,b,b,a,a,a,b,b,b,a,a,b,b,b,a,b,b,b,a,a,b,a,b,b,b,a,a,b,b,a,a,a,a,a,a,a,a,a,a,b,b,-,a,a,b,a,b,b,b,a,a,a,a,a,b,a,a,a,a,a,a,b,a,b,a,a,a,a,b,b,a,a,b
EG.205L,a,a,b,b,a,a,a,a,a,a,a,b,b,a,a,a,a,b,a,b,a,b,a,b,b,a,b,b,a,b,b,b,b,a,a,b,b,a,a,b,a,b,a,a,b,a,a,b,a,b,b,b,b,b,a,a,b,a,a,b,b,b,b,a,a,a,a,b,a,a,b,b,b,a,a,b,b,a,b,b,b,a,b,a,a,b,a,b,a,b,b,b,a,a,a,b,b,b,a,a,b,b,a,a,b,b,a,a,a,b,a,a,b,b,a,a,b,b,a,a,a,a,a,a,a,a,a,a,b,b,a,a,a,a,a,b,b,b,b,a,a,a,b,b,a,a,a,a,a,a,b,a,a,a,a,a,a,b,b,a,a,b
